client_id,target_visit
14624,0
88207,0
55961,0
98130,0
83550,0
19088,0
11677,0
91017,0
40218,0
76183,0
74502,0
80790,0
15030,0
22948,0
7341,0
44813,0
74593,0
20876,0
54965,0
46902,0
91359,0
98331,0
91036,0
40402,0
36365,0
46167,0
40630,0
5124,0
68402,0
67879,0
3665,0
81778,0
73122,0
19837,0
37288,0
27994,0
21610,0
52574,0
53840,0
30063,0
89817,0
57610,0
56647,0
49216,0
84842,0
97416,0
4341,0
44474,0
16241,0
54143,0
57883,0
1827,0
7142,0
48226,0
57443,0
23104,0
3750,0
82342,0
89149,0
36595,0
38081,0
71179,0
64579,0
55313,0
55513,0
87078,0
73549,0
66963,0
5809,0
75890,0
30311,0
23330,0
43205,0
30788,0
30279,0
16220,0
34736,0
45009,0
58197,0
29326,0
65636,0
24961,0
78916,0
56702,0
3983,0
2949,0
58654,0
43574,0
65990,0
79960,0
67690,0
74447,0
11334,0
22546,0
39892,0
15086,0
66724,0
93689,0
35872,0
72173,0
41427,0
86457,0
58849,0
99454,0
64287,0
29277,0
55754,0
77424,0
58676,0
17208,0
30488,0
42230,0
12333,0
29665,0
21521,0
35160,0
54145,0
63595,0
95822,0
18136,0
31900,0
73167,0
88650,0
99362,0
50208,0
91747,0
39647,0
73980,0
79048,0
80601,0
72137,0
13710,0
13602,0
5025,0
44180,0
38963,0
7190,0
42350,0
46374,0
63393,0
77294,0
27504,0
73280,0
57218,0
27617,0
33143,0
74559,0
17743,0
7223,0
14848,0
54868,0
44407,0
1440,0
11613,0
3729,0
88259,0
55773,0
10028,0
81446,0
5588,0
79256,0
56171,0
14385,0
40007,0
14112,0
50053,0
42362,0
29768,0
39810,0
59870,0
13868,0
8424,0
53611,0
32629,0
88696,0
95724,0
33782,0
25036,0
10080,0
93506,0
7096,0
22095,0
9799,0
62649,0
50270,0
59261,0
48559,0
7803,0
82692,0
31786,0
62193,0
32535,0
36392,0
94734,0
50247,0
43798,0
84345,0
6913,0
37955,0
39987,0
81647,0
33197,0
95039,0
61791,0
79349,0
93419,0
1748,0
63169,0
73752,0
60864,0
94047,0
77749,0
7529,0
31298,0
53245,0
30369,0
80171,0
13529,0
72206,0
3609,0
15384,0
97344,0
70738,0
18265,0
9483,0
18906,0
94858,0
68232,0
85508,0
93153,0
11337,0
42719,0
11505,0
27656,0
68222,0
19144,0
29001,0
90066,0
34017,0
25314,0
23678,0
67829,0
1885,0
94414,0
17889,0
16780,0
87283,0
99605,0
15022,0
3532,0
99132,0
74809,0
6225,0
37773,0
23186,0
41215,0
72312,0
86554,0
11974,0
6463,0
45707,0
54298,0
88728,0
85528,0
28211,0
63091,0
13933,0
97582,0
65782,0
28535,0
47869,0
58177,0
32330,0
30355,0
70947,0
5184,0
12092,0
10868,0
5969,0
82987,0
73426,0
88745,0
25812,0
29878,0
76589,0
77500,0
22189,0
98701,0
62213,0
36279,0
94602,0
84640,0
84908,0
90629,0
10811,0
48656,0
16311,0
24303,0
65443,0
6799,0
649,0
75527,0
15339,0
54786,0
3402,0
86621,0
5237,0
47909,0
58170,0
49682,0
78975,0
50540,0
29370,0
12709,0
71968,0
42197,0
94915,0
96441,0
74667,0
60928,0
16716,0
83182,0
14484,0
3978,0
5840,0
11909,0
18074,0
48037,0
33682,0
8661,0
16539,0
96113,0
87346,0
86772,0
70207,0
32722,0
67420,0
9404,0
78501,0
96708,0
90191,0
86356,0
93586,0
3284,0
82110,0
94365,0
99795,0
33307,0
39165,0
60127,0
68992,0
92265,0
62016,0
92434,0
56763,0
14169,0
62839,0
14155,0
46966,0
13451,0
43673,0
95453,0
53201,0
75967,0
82016,0
98824,0
96551,0
5310,0
96168,0
99619,0
36748,0
94900,0
20053,0
11099,0
28441,0
95271,0
23455,0
59244,0
65323,0
88764,0
41718,0
8047,0
21905,0
3111,0
89993,0
81321,0
11634,0
38098,0
32782,0
9223,0
53916,0
12275,0
16592,0
47768,0
31761,0
66272,0
83885,0
35219,0
13095,0
38637,0
47286,0
73627,0
25723,0
11321,0
77903,0
84802,0
37318,0
36614,0
42299,0
76695,0
22725,0
6089,0
97493,0
82901,0
31286,0
30691,0
94881,0
91463,0
98654,0
18946,0
76685,0
23702,0
31463,0
60098,0
21335,0
95007,0
28780,0
64495,0
75918,0
23545,0
41835,0
31784,0
7284,0
65081,0
13887,0
47890,0
3370,0
59534,0
7999,0
43030,0
24417,0
96998,0
67857,0
81822,0
45102,0
43499,0
54140,0
4744,0
24721,0
7003,0
88690,0
75598,0
10222,0
57770,0
89457,0
22645,0
25317,0
71311,0
77529,0
72876,0
82960,0
45590,0
33631,0
58596,0
17897,0
68818,0
77761,0
59411,0
71064,0
94614,0
52758,0
85665,0
83429,0
5040,0
77866,0
67627,0
25865,0
8610,0
7696,0
9966,0
28571,0
28695,0
77193,0
41822,0
78137,0
32857,0
80591,0
83555,0
16910,0
1977,0
29404,0
29010,0
10067,0
83403,0
94427,0
11124,0
47238,0
67311,0
30818,0
70440,0
66449,0
86268,0
51219,0
90714,0
15740,0
64283,0
21036,0
89125,0
29148,0
89178,0
56011,0
22962,0
10453,0
43790,0
36062,0
28983,0
51232,0
74369,0
90459,0
75896,0
75015,0
9308,0
71252,0
32920,0
43364,0
25280,0
56704,0
32866,0
9798,0
2964,0
15628,0
24986,0
78190,0
90319,0
95924,0
30453,0
72350,0
24333,0
77962,0
13713,0
43304,0
84998,0
22855,0
21731,0
14765,0
87260,0
58366,0
34288,0
29166,0
44114,0
20181,0
51152,0
65485,0
47556,0
60479,0
5986,0
13110,0
21857,0
22005,0
33791,0
79810,0
9653,0
68982,0
13258,0
71380,0
15447,0
11489,0
76474,0
63316,0
51287,0
64468,0
77720,0
98353,0
26144,0
73119,0
95312,0
46882,0
30684,0
87860,0
55838,0
3610,0
39778,0
76152,0
99855,0
2545,0
83584,0
88262,0
79125,0
45016,0
93806,0
45980,0
8626,0
55713,0
84799,0
78746,0
79698,0
80498,0
37526,0
58464,0
32966,0
96653,0
6507,0
25888,0
37935,0
39214,0
87831,0
96482,0
70823,0
19214,0
84169,0
59661,0
80659,0
89381,0
94507,0
95232,0
26057,0
31590,0
43968,0
83711,0
92979,0
29559,0
5313,0
86270,0
49896,0
79663,0
99744,0
8268,0
98897,0
61087,0
7355,0
43773,0
62877,0
69674,0
59379,0
14289,0
79151,0
88746,0
99415,0
24996,0
29106,0
24754,0
52122,0
6566,0
39066,0
53662,0
45865,0
9163,0
9145,0
85736,0
48274,0
11467,0
33117,0
31525,0
27198,0
25936,0
7191,0
1672,0
60591,0
51519,0
54343,0
50684,0
60561,0
62874,0
19647,0
61796,0
61322,0
97022,0
17365,0
61007,0
97851,0
25326,0
28720,0
33471,0
59187,0
27248,0
75379,0
94641,0
61566,0
88957,0
42113,0
29525,0
6037,0
50887,0
34090,0
27882,0
25260,0
69065,0
95918,0
28492,0
46060,0
37479,0
9949,0
48955,0
61039,0
63819,0
70396,0
19700,0
39133,0
5767,0
60858,0
12503,0
59824,0
82368,0
40599,0
13941,0
46574,0
21419,0
65690,0
29228,0
8294,0
89295,0
93145,0
82629,0
72241,0
69218,0
48523,0
19305,0
68191,0
75338,0
9748,0
31254,0
17672,0
25850,0
33232,0
29580,0
29557,0
49343,0
88098,0
35274,0
61583,0
6721,0
42976,0
68077,0
69254,0
13979,0
33244,0
31733,0
43819,0
44230,0
62740,0
29448,0
54977,0
33918,0
7402,0
92217,0
58482,0
39829,0
4342,0
7061,0
35694,0
41694,0
1821,0
62553,0
6775,0
11567,0
18289,0
7115,0
28589,0
91895,0
22776,0
51247,0
51936,0
61462,0
15509,0
15928,0
12912,0
19064,0
40895,0
62283,0
26741,0
14984,0
55166,0
18843,0
23155,0
87334,0
41853,0
72500,0
90377,0
34217,0
74439,0
10563,0
42804,0
17120,0
7541,0
4168,0
57646,0
78076,0
377,0
71743,0
82589,0
18809,0
58422,0
31358,0
77755,0
77754,0
16872,0
39988,0
20648,0
31819,0
77788,0
86138,0
39151,0
95243,0
71591,0
58772,0
5020,0
2774,0
48115,0
99007,0
7170,0
3935,0
4004,0
50975,0
84698,0
89835,0
7873,0
89674,0
23717,0
34821,0
54664,0
74858,0
32574,0
482,0
61728,0
73045,0
93979,0
74941,0
1115,0
69384,0
39220,0
70141,0
21030,0
82288,0
47564,0
35525,0
5742,0
42568,0
31048,0
36229,0
91196,0
51925,0
78546,0
74600,0
7149,0
40972,0
89756,0
11453,0
24416,0
93227,0
43394,0
37314,0
82383,0
28280,0
63378,0
95896,0
56755,0
43663,0
68617,0
49248,0
79033,0
91799,0
5776,0
13397,0
57970,0
75325,0
75719,0
95259,0
29070,0
80879,0
20316,0
63735,0
68440,0
88718,0
30628,0
31939,0
61205,0
38006,0
36522,0
73255,0
8335,0
66607,0
5097,0
87053,0
25721,0
40461,0
97686,0
29608,0
58424,0
14501,0
86769,0
95774,0
62122,0
17191,0
71153,0
69492,0
71816,0
26906,0
31623,0
77300,0
33772,0
31073,0
48823,0
49630,0
59159,0
6461,0
5647,0
9899,0
82515,0
66754,0
89001,0
34051,0
60089,0
91087,0
94010,0
79785,0
48723,0
56234,0
41090,0
30067,0
24457,0
24831,0
24805,0
59996,0
35263,0
55204,0
95344,0
91667,0
3184,0
92475,0
4561,0
19851,0
71484,0
18183,0
29328,0
65989,0
64792,0
57628,0
74682,0
96418,0
26050,0
51098,0
33624,0
91099,0
50427,0
27057,0
82120,0
13435,0
17725,0
89994,0
84376,0
15516,0
45481,0
18499,0
6388,0
52850,0
93425,0
59378,0
19496,0
24736,0
63007,0
30752,0
3806,0
55296,0
50707,0
31105,0
90952,0
91618,0
25114,0
27388,0
3539,0
23496,0
53281,0
80138,0
19029,0
23384,0
69312,0
38875,0
27094,0
29073,0
61175,0
3958,0
58481,0
31082,0
97795,0
58015,0
24297,0
34784,0
74378,0
19581,0
98228,0
24461,0
76827,0
4451,0
88748,0
48840,0
79229,0
35502,0
67606,0
31749,0
74117,0
79380,0
77145,0
40373,0
64890,0
43780,0
49114,0
15216,0
96993,0
10968,0
42790,0
98449,0
23562,0
41175,0
88135,0
96074,0
70959,0
89669,0
4835,0
35627,0
92187,0
66457,0
41269,0
52746,0
66785,0
1965,0
32255,0
4036,0
26325,0
2570,0
70132,0
27550,0
20289,0
75874,0
62730,0
26685,0
88369,0
17868,0
26582,0
70412,0
89691,0
70584,0
48950,0
91878,0
82198,0
52390,0
77070,0
9486,0
93644,0
65705,0
5000,0
17662,0
32834,0
54469,0
74798,0
65535,0
64583,0
33545,0
69059,0
57836,0
69237,0
58928,0
73096,0
11933,0
90255,0
13227,0
63200,0
83131,0
7600,0
28843,0
8235,0
27833,0
28148,0
9384,0
39842,0
85075,0
29852,0
5028,0
79936,0
6956,0
31490,0
13422,0
14435,0
52774,0
17253,0
52291,0
5810,0
30372,0
55298,0
57842,0
68589,0
27932,0
18105,0
29909,0
70061,0
68863,0
13171,0
7252,0
33984,0
78423,0
57670,0
28490,0
61891,0
53233,0
46197,0
61574,0
12152,0
25434,0
40796,0
15904,0
62624,0
46548,0
17434,0
64401,0
24628,0
83128,0
14166,0
12153,0
78317,0
35008,0
34807,0
29888,0
28062,0
77805,0
92948,0
54601,0
68574,0
24767,0
65453,0
59748,0
78554,0
859,0
78435,0
38227,0
11234,0
52246,0
21051,0
46500,0
55687,0
33456,0
81907,0
8379,0
43970,0
92327,0
51909,0
8418,0
36757,0
55331,0
39747,0
57537,0
94548,0
38057,0
3701,0
23902,0
76391,0
86376,0
57196,0
87524,0
24616,0
6306,0
84501,0
34712,0
20390,0
64657,0
57562,0
70222,0
55753,0
99473,0
14144,0
28037,0
69357,0
71902,0
78336,0
37553,0
37525,0
21098,0
8310,0
28637,0
52159,0
47471,0
29206,0
49101,0
68968,0
28409,0
52899,0
17392,0
89134,0
42852,0
24311,0
31557,0
73315,0
67940,0
92419,0
42861,0
50484,0
55087,0
57313,0
94283,0
72234,0
57547,0
30604,0
5636,0
84667,0
78964,0
88542,0
99750,0
72733,0
64151,0
8759,0
23040,0
36222,0
69631,0
25375,0
90295,0
82428,0
54822,0
92861,0
35734,0
86583,0
71253,0
67707,0
42632,0
37310,0
44313,0
78265,0
15424,0
85411,0
48783,0
12906,0
36753,0
58820,0
8405,0
13033,0
57581,0
16278,0
1598,0
60495,0
12085,0
17264,0
72919,0
38639,0
56048,0
1735,0
81275,0
41820,0
20216,0
33110,0
43730,0
57453,0
83637,0
57773,0
36855,0
64753,0
42476,0
39300,0
58232,0
13914,0
9717,0
38936,0
54129,0
91813,0
14021,0
26973,0
50182,0
72088,0
32625,0
35103,0
42402,0
55354,0
84394,0
76138,0
18430,0
61569,0
40095,0
73611,0
80485,0
7137,0
94937,0
63799,0
16645,0
15109,0
5957,0
5242,0
93459,0
13739,0
70049,0
35493,0
72046,0
64215,0
65345,0
37002,0
44431,0
74648,0
80009,0
33715,0
73585,0
91778,0
26246,0
32932,0
48298,0
55657,0
2094,0
96624,0
4562,0
64314,0
38646,0
39005,0
78172,0
31864,0
81181,0
84839,0
84612,0
67541,0
48180,0
91461,0
72957,0
83146,0
38125,0
14346,0
68290,0
93965,0
25447,0
57765,0
66610,0
74981,0
31953,0
66380,0
72898,0
13644,0
25658,0
12577,0
94895,0
86549,0
75026,0
78056,0
99043,0
14316,0
27072,0
83701,0
90742,0
9443,0
61769,0
33948,0
81640,0
79000,0
6718,0
24725,0
90315,0
56546,0
60400,0
10146,0
24006,0
33014,0
54486,0
49436,0
36155,0
68894,0
19186,0
32860,0
13507,0
43669,0
15337,0
43655,0
63014,0
58965,0
85067,0
83892,0
54468,0
85100,0
85650,0
15975,0
96720,0
34892,0
77206,0
41892,0
26178,0
84564,0
57224,0
694,0
65305,0
3716,0
71704,0
89139,0
5220,0
46739,0
88005,0
4763,0
78642,0
94498,0
68664,0
1057,0
8926,0
84283,0
37088,0
63995,0
92443,0
145,0
75831,0
48202,0
50790,0
44572,0
90399,0
47764,0
63673,0
89760,0
27621,0
53257,0
55609,0
56180,0
12510,0
78981,0
11412,0
61941,0
34670,0
85595,0
90334,0
19169,0
1950,0
95515,0
65970,0
93574,0
49223,0
79395,0
82417,0
2659,0
66074,0
5249,0
73391,0
42031,0
84752,0
70809,0
64162,0
43132,0
22919,0
42994,0
94501,0
67051,0
73421,0
60017,0
5003,0
49817,0
40767,0
14199,0
37493,0
84764,0
83171,0
3928,0
62709,0
39463,0
39203,0
91227,0
64857,0
23728,0
10848,0
44625,0
36487,0
85131,0
34615,0
63985,0
89651,0
56532,0
36768,0
83805,0
49444,0
31237,0
21600,0
63176,0
10364,0
85975,0
90931,0
59822,0
85420,0
1363,0
47639,0
63070,0
63974,0
64303,0
10252,0
4584,0
29401,0
81276,0
89525,0
79771,0
77715,0
71742,0
99756,0
39552,0
60609,0
5865,0
80575,0
17667,0
53135,0
79643,0
35133,0
64825,0
2405,0
57376,0
86490,0
45942,0
89673,0
29422,0
33592,0
38011,0
27701,0
40985,0
28706,0
1140,0
18453,0
40445,0
77077,0
31803,0
89274,0
57800,0
4160,0
44983,0
41211,0
33653,0
85117,0
90639,0
31040,0
51608,0
26960,0
35722,0
38769,0
81109,0
43987,0
99188,0
5491,0
11022,0
56321,0
48166,0
45040,0
70865,0
37077,0
64408,0
51852,0
64112,0
60059,0
88793,0
48002,0
87395,0
86141,0
84930,0
1564,0
40734,0
91311,0
14440,0
36056,0
52360,0
97850,0
77934,0
89680,0
22183,0
33898,0
12261,0
36432,0
80661,0
96527,0
91439,0
82296,0
43268,0
58104,0
54719,0
41407,0
48148,0
57068,0
63278,0
12114,0
45485,0
59829,0
41854,0
54193,0
78033,0
28349,0
73653,0
68481,0
82267,0
27536,0
75452,0
18850,0
23442,0
84539,0
86361,0
9543,0
96411,0
28472,0
83615,0
2112,0
22373,0
22208,0
30683,0
19628,0
49068,0
39309,0
6618,0
29213,0
74055,0
42139,0
80405,0
16193,0
49351,0
98950,0
84690,0
79723,0
90656,0
72744,0
56411,0
73805,0
4641,0
19340,0
8283,0
59914,0
62587,0
96981,0
54338,0
57611,0
13724,0
41949,0
71295,0
9378,0
97601,0
83135,0
85825,0
12179,0
14296,0
63197,0
76318,0
87229,0
18541,0
25790,0
7084,0
1326,0
64610,0
8473,0
61831,0
31517,0
31492,0
99543,0
13691,0
29763,0
55167,0
10936,0
57801,0
16382,0
16329,0
49945,0
21535,0
54075,0
73962,0
75326,0
96063,0
87153,0
6122,0
11371,0
72151,0
47441,0
24172,0
87214,0
6221,0
23283,0
54583,0
45992,0
21964,0
177,0
56933,0
1698,0
10438,0
61850,0
9003,0
30660,0
37070,0
44216,0
51928,0
10452,0
90398,0
37772,0
71848,0
17491,0
48211,0
35906,0
93302,0
94646,0
20314,0
55516,0
24843,0
3802,0
74036,0
35672,0
54540,0
56584,0
18052,0
39353,0
81788,0
43007,0
68882,0
84177,0
95352,0
73160,0
52643,0
92656,0
20477,0
95531,0
85704,0
45709,0
72687,0
55830,0
89714,0
92230,0
90916,0
54160,0
10375,0
52891,0
78985,0
94208,0
70040,0
69210,0
80332,0
68441,0
22274,0
97144,0
24000,0
15225,0
22915,0
78070,0
98268,0
55993,0
62834,0
40292,0
14963,0
76967,0
88530,0
44483,0
83440,0
12841,0
80845,0
19810,0
37480,0
26187,0
96254,0
86557,0
59726,0
52157,0
2713,0
11959,0
93089,0
73664,0
15335,0
44042,0
8920,0
12634,0
481,0
37094,0
32544,0
54614,0
24756,0
13277,0
61515,0
56433,0
12190,0
22119,0
96211,0
75089,0
1402,0
1723,0
32191,0
42495,0
69916,0
41776,0
37337,0
46975,0
60544,0
51150,0
37571,0
8444,0
81979,0
94291,0
70108,0
26543,0
85478,0
68253,0
36258,0
26060,0
42090,0
49564,0
91574,0
40338,0
38400,0
8784,0
59183,0
39334,0
83200,0
59559,0
82838,0
87163,0
94529,0
44449,0
29705,0
42110,0
45985,0
68572,0
13161,0
49023,0
918,0
11191,0
63811,0
45399,0
16992,0
68300,0
85981,0
83017,0
48266,0
18104,0
6321,0
79686,0
37235,0
23940,0
28271,0
64522,0
61673,0
46019,0
41365,0
45032,0
79254,0
9115,0
15184,0
69740,0
86847,0
87977,0
71986,0
26971,0
31370,0
10284,0
55076,0
91081,0
40303,0
31718,0
26839,0
54791,0
54203,0
98391,0
17163,0
4807,0
64349,0
95281,0
36628,0
27225,0
61518,0
32750,0
43272,0
79128,0
43133,0
84534,0
78354,0
75471,0
74153,0
33603,0
19507,0
53175,0
72841,0
80840,0
10335,0
80301,0
30007,0
54524,0
285,0
32031,0
38062,0
42941,0
25676,0
75761,0
41339,0
4814,0
96659,0
63627,0
94961,0
45748,0
51151,0
28041,0
59496,0
39101,0
5420,0
37673,0
17019,0
19470,0
8750,0
17013,0
41091,0
46252,0
89459,0
56240,0
80014,0
52296,0
32227,0
31192,0
88557,0
29809,0
44919,0
27272,0
67456,0
60114,0
47552,0
29620,0
42628,0
6005,0
2207,0
96197,0
43447,0
51222,0
31178,0
18888,0
46681,0
67145,0
44436,0
47476,0
5439,0
42264,0
69659,0
28984,0
54158,0
67460,0
5295,0
90007,0
65819,0
10187,0
47877,0
31672,0
67154,0
98002,0
8265,0
48537,0
80720,0
9683,0
1378,0
16821,0
99815,0
36137,0
45858,0
38799,0
56589,0
3775,0
41621,0
49972,0
13639,0
74071,0
11370,0
77334,0
27633,0
80587,0
10629,0
75046,0
65654,0
82653,0
86608,0
10126,0
40954,0
73357,0
59935,0
49755,0
82523,0
29619,0
71588,0
68950,0
1135,0
57543,0
10287,0
46111,0
27577,0
13683,0
11056,0
86168,0
37268,0
20519,0
74080,0
34294,0
95376,0
88393,0
25798,0
92833,0
96263,0
93800,0
98082,0
28697,0
63434,0
93482,0
83599,0
23799,0
409,0
99923,0
3854,0
25463,0
23215,0
9248,0
89530,0
69199,0
1574,0
9600,0
76356,0
53043,0
11910,0
22891,0
81098,0
29229,0
7383,0
84154,0
2560,0
42764,0
96450,0
51985,0
96588,0
18031,0
29128,0
72842,0
36970,0
22798,0
150,0
71882,0
82084,0
72930,0
19412,0
3881,0
70797,0
38982,0
26438,0
37272,0
72427,0
53314,0
41647,0
36838,0
23514,0
5870,0
804,0
95192,0
98218,0
59047,0
81898,0
55767,0
39404,0
23925,0
28326,0
47101,0
20309,0
25502,0
83847,0
89290,0
21957,0
84380,0
64454,0
23291,0
79819,0
77061,0
15686,0
86151,0
70118,0
7665,0
43817,0
58004,0
44799,0
49155,0
24714,0
64549,0
87474,0
59562,0
19539,0
63373,0
6843,0
55868,0
12827,0
12531,0
93473,0
55109,0
90883,0
97410,0
92071,0
50014,0
50906,0
32245,0
18206,0
24147,0
40946,0
13493,0
97487,0
97285,0
44214,0
4491,0
69402,0
73310,0
33834,0
33329,0
63421,0
39357,0
53097,0
54676,0
90087,0
78549,0
63089,0
24840,0
94219,0
8366,0
30259,0
9588,0
80669,0
29649,0
45322,0
76774,0
87530,0
98135,0
62393,0
11514,0
37349,0
36223,0
85598,0
70821,0
25167,0
92078,0
79188,0
40692,0
16979,0
49828,0
42962,0
30922,0
20030,0
43585,0
33300,0
51117,0
21318,0
34968,0
58276,0
82121,0
30545,0
55259,0
32865,0
16690,0
34249,0
35107,0
70450,0
81718,0
92030,0
83301,0
81178,0
37635,0
17388,0
74144,0
46425,0
8558,0
25297,0
8841,0
46292,0
69028,0
14772,0
61988,0
59973,0
45039,0
42361,0
15529,0
58441,0
67440,0
66335,0
92606,0
93253,0
8472,0
25015,0
24079,0
62109,0
10235,0
44056,0
73610,0
10291,0
80260,0
99398,0
21699,0
59022,0
503,0
37627,0
73640,0
89859,0
36374,0
4884,0
7357,0
25742,0
77411,0
13818,0
22565,0
36346,0
37439,0
60170,0
76841,0
5400,0
63656,0
43192,0
84207,0
7207,0
3925,0
38752,0
47383,0
71058,0
37236,0
80129,0
91025,0
9854,0
81250,0
27720,0
22082,0
37286,0
86595,0
93085,0
30137,0
89073,0
83334,0
52377,0
74087,0
96649,0
74358,0
44801,0
4539,0
98986,0
44789,0
47636,0
51833,0
58488,0
9408,0
12439,0
50437,0
47236,0
89244,0
55270,0
36796,0
67415,0
80455,0
77862,0
21740,0
61820,0
55532,0
6239,0
11834,0
87391,0
96935,0
15821,0
20003,0
11093,0
46143,0
18651,0
43151,0
10218,0
69729,0
1618,0
69956,0
44381,0
67193,0
46445,0
9846,0
70025,0
98173,0
81837,0
56539,0
49831,0
13988,0
18055,0
18671,0
16661,0
19749,0
52577,0
18102,0
12831,0
88408,0
38156,0
31526,0
70726,0
82236,0
83588,0
34595,0
87828,0
76957,0
57333,0
73678,0
65213,0
26608,0
25781,0
30440,0
28876,0
49936,0
19388,0
38097,0
94500,0
42262,0
90320,0
51033,0
86387,0
21126,0
22182,0
36087,0
47306,0
44852,0
90796,0
12604,0
97220,0
92520,0
6480,0
58146,0
47267,0
58251,0
35284,0
48167,0
61162,0
75828,0
44475,0
58035,0
36380,0
16133,0
70205,0
9783,0
58842,0
69977,0
88806,0
86436,0
44634,0
51791,0
90602,0
28530,0
28,0
3260,0
53124,0
81515,0
6768,0
98392,0
44899,0
49883,0
80355,0
73620,0
86125,0
89671,0
91779,0
29248,0
8398,0
85772,0
87155,0
3390,0
8488,0
74889,0
36189,0
81988,0
88195,0
49901,0
45880,0
70669,0
64368,0
44606,0
51433,0
65866,0
90712,0
46694,0
87519,0
34540,0
79284,0
49442,0
440,0
36514,0
37513,0
46480,0
838,0
22364,0
11103,0
74932,0
27554,0
67730,0
30970,0
36934,0
736,0
66586,0
32042,0
23700,0
73973,0
32039,0
8109,0
87542,0
84555,0
58998,0
7456,0
71819,0
29053,0
25511,0
34364,0
21990,0
80833,0
80969,0
97077,0
47489,0
31713,0
10876,0
39085,0
79278,0
34715,0
93285,0
47135,0
95295,0
49735,0
1995,0
83967,0
85841,0
98998,0
41629,0
70555,0
1567,0
4760,0
47754,0
61814,0
92836,0
44292,0
41225,0
36706,0
87453,0
6702,0
28793,0
37613,0
39918,0
82046,0
84365,0
35507,0
12171,0
65437,0
15871,0
17034,0
30160,0
86370,0
19091,0
84703,0
54914,0
9616,0
95789,0
93915,0
1418,0
81370,0
67737,0
13604,0
68063,0
7683,0
22384,0
60381,0
44642,0
35413,0
79261,0
86466,0
54448,0
25668,0
87832,0
22447,0
13852,0
90677,0
2390,0
88750,0
71175,0
34657,0
81353,0
12118,0
93908,0
75458,0
21938,0
83800,0
871,0
11837,0
84025,0
25992,0
50858,0
82369,0
16474,0
16079,0
77513,0
54042,0
8600,0
3076,0
34340,0
62845,0
60529,0
40310,0
12129,0
63871,0
5126,0
87605,0
17811,0
46662,0
42932,0
49441,0
98672,0
40547,0
67399,0
15150,0
23431,0
79,0
27887,0
19987,0
14844,0
62490,0
98158,0
23452,0
12254,0
9733,0
72412,0
56315,0
50048,0
4476,0
5614,0
35528,0
49798,0
20932,0
92019,0
98784,0
45188,0
10122,0
57698,0
98837,0
49440,0
72618,0
79460,0
4104,0
1162,0
91193,0
49244,0
98259,0
31445,0
66495,0
35321,0
57252,0
66230,0
37624,0
47115,0
8107,0
74154,0
67885,0
20573,0
66411,0
78479,0
95282,0
21128,0
72277,0
39887,0
53263,0
54244,0
25255,0
30918,0
90978,0
42584,0
75256,0
56806,0
5945,0
35419,0
52253,0
89999,0
52706,0
26261,0
91903,0
97623,0
62643,0
10594,0
31534,0
22959,0
16867,0
67759,0
83654,0
1988,0
53254,0
17923,0
54073,0
11472,0
58094,0
53985,0
9476,0
96365,0
814,0
11504,0
39846,0
86485,0
15096,0
281,0
2259,0
42185,0
49963,0
35810,0
90306,0
58117,0
23433,0
98626,0
33342,0
42608,0
15455,0
23112,0
43628,0
61153,0
17571,0
75126,0
18774,0
52087,0
64068,0
13125,0
82173,0
8146,0
51644,0
14771,0
599,0
46205,0
62684,0
58217,0
62635,0
79608,0
32086,0
73253,0
22952,0
13240,0
50478,0
55222,0
62059,0
73216,0
24293,0
2943,0
39222,0
46936,0
10634,0
58028,0
9582,0
73293,0
31267,0
11882,0
94566,0
7042,0
95883,0
69435,0
49888,0
92601,0
47347,0
50880,0
97005,0
84599,0
98686,0
25359,0
5179,0
90493,0
59856,0
12855,0
91819,0
6764,0
92572,0
65969,0
4818,0
39579,0
56312,0
16629,0
48495,0
63679,0
5071,0
51741,0
38389,0
48124,0
21871,0
6833,0
34377,0
37620,0
86469,0
54142,0
53163,0
30820,0
25412,0
92811,0
45532,0
4027,0
27959,0
55797,0
29668,0
41932,0
19901,0
78627,0
21958,0
87841,0
63241,0
44242,0
11007,0
26796,0
45954,0
36834,0
43377,0
73482,0
58554,0
65123,0
27145,0
47517,0
55963,0
26354,0
54052,0
38509,0
60997,0
77719,0
53262,0
39601,0
81004,0
98891,0
52169,0
64374,0
10894,0
28118,0
28438,0
67124,0
30857,0
68377,0
75653,0
3682,0
92795,0
79799,0
65079,0
34714,0
58987,0
73307,0
92519,0
53564,0
77050,0
51762,0
70183,0
9131,0
73461,0
30539,0
21985,0
84658,0
20997,0
60715,0
68932,0
46273,0
56583,0
73582,0
11017,0
61744,0
66698,0
18665,0
13157,0
31863,0
90867,0
63,0
8880,0
21756,0
31856,0
86550,0
42987,0
74078,0
23928,0
49992,0
38647,0
35819,0
47170,0
45934,0
17384,0
61685,0
28343,0
43022,0
903,0
99565,0
60748,0
90925,0
33605,0
40666,0
17809,0
49485,0
85381,0
86794,0
34416,0
62858,0
47783,0
25385,0
27857,0
75692,0
20025,0
61752,0
38077,0
53199,0
86826,0
42083,0
2192,0
57482,0
60873,0
25858,0
38896,0
17623,0
3781,0
94358,0
99886,0
46285,0
67875,0
18312,0
11568,0
17680,0
71041,0
39349,0
55010,0
37067,0
81448,0
72162,0
21468,0
37770,0
19413,0
37216,0
95193,0
82915,0
83703,0
76919,0
15664,0
76213,0
81636,0
56191,0
40351,0
75432,0
18770,0
6202,0
53294,0
64106,0
31884,0
75856,0
85319,0
69268,0
67719,0
97066,0
36499,0
81009,0
6390,0
25224,0
2135,0
36007,0
80204,0
96550,0
78396,0
84584,0
67796,0
76297,0
38665,0
10835,0
20692,0
14849,0
60285,0
6607,0
57788,0
35652,0
76523,0
87810,0
48299,0
95636,0
70343,0
2386,0
75202,0
11281,0
75969,0
45848,0
990,0
90746,0
4339,0
66217,0
23654,0
85831,0
68862,0
30832,0
53324,0
1491,0
55640,0
84856,0
48826,0
73646,0
45853,0
70367,0
85765,0
40362,0
41489,0
90525,0
90156,0
74616,0
94450,0
12807,0
40784,0
54176,0
59577,0
52182,0
86752,0
78131,0
66648,0
22654,0
61603,0
81940,0
45336,0
15627,0
83715,0
93172,0
39686,0
45764,0
54354,0
9918,0
78532,0
25248,0
4098,0
34535,0
85764,0
17196,0
55989,0
34008,0
69788,0
17129,0
32168,0
46113,0
90798,0
95409,0
51854,0
59284,0
89880,0
74739,0
9055,0
10043,0
79075,0
15204,0
46908,0
21184,0
74123,0
50132,0
23844,0
89821,0
44111,0
20808,0
44713,0
51480,0
91664,0
34944,0
98155,0
16667,0
64979,0
39427,0
78074,0
76307,0
27853,0
29130,0
91534,0
45353,0
24342,0
12386,0
40693,0
68412,0
73484,0
2867,0
20530,0
83364,0
20386,0
66726,0
5457,0
61228,0
55539,0
11352,0
52288,0
69509,0
12292,0
45729,0
22265,0
97006,0
5495,0
78645,0
98533,0
68429,0
18690,0
87355,0
56838,0
58231,0
17160,0
24073,0
50301,0
42633,0
18297,0
28948,0
67347,0
49775,0
40420,0
25849,0
26563,0
41065,0
96490,0
40857,0
76079,0
32874,0
27178,0
41419,0
14492,0
40558,0
80318,0
87704,0
90765,0
35416,0
9504,0
20842,0
77667,0
28629,0
78301,0
6008,0
22500,0
9143,0
53541,0
23629,0
89443,0
23480,0
77905,0
102,0
96081,0
95224,0
76858,0
90486,0
68812,0
45273,0
78038,0
55548,0
74146,0
19882,0
2030,0
97340,0
79126,0
61570,0
55360,0
79542,0
89412,0
89799,0
72684,0
95227,0
45542,0
51023,0
15938,0
12263,0
4094,0
44108,0
50297,0
13461,0
25910,0
62069,0
12776,0
32676,0
31391,0
78787,0
40807,0
31438,0
53118,0
10542,0
42325,0
69814,0
24872,0
16653,0
38935,0
58474,0
20856,0
22539,0
27295,0
75473,0
11240,0
39044,0
26134,0
60743,0
48548,0
39255,0
44535,0
50533,0
60274,0
81179,0
88062,0
48192,0
18823,0
43710,0
37536,0
64036,0
19859,0
84035,0
5060,0
55161,0
76760,0
60339,0
53664,0
50450,0
50034,0
4303,0
18168,0
52061,0
45023,0
7205,0
55621,0
4461,0
16540,0
45490,0
57214,0
35044,0
89569,0
13975,0
57205,0
65887,0
28296,0
86588,0
55595,0
66833,0
48430,0
54306,0
96196,0
49350,0
63093,0
45006,0
86696,0
62104,0
23636,0
74045,0
42241,0
41408,0
6655,0
39268,0
11171,0
85750,0
38801,0
25369,0
58735,0
85385,0
40513,0
31216,0
27121,0
69782,0
13276,0
12414,0
98229,0
337,0
69735,0
7055,0
91446,0
54879,0
15704,0
86729,0
6666,0
46786,0
66812,0
71433,0
41132,0
33907,0
40486,0
96,0
69538,0
61156,0
1781,0
13469,0
41421,0
19419,0
92768,0
2346,0
11193,0
85836,0
39973,0
86846,0
80875,0
59277,0
26807,0
28477,0
93294,0
97478,0
2205,0
38361,0
48764,0
51707,0
7694,0
31821,0
19896,0
8757,0
24278,0
33789,0
2740,0
12607,0
80341,0
74777,0
83346,0
64714,0
44008,0
5806,0
57551,0
81581,0
40934,0
19166,0
63916,0
21244,0
9125,0
82297,0
38914,0
63255,0
42482,0
38247,0
42200,0
36564,0
86719,0
37672,0
14559,0
89058,0
73469,0
87415,0
56699,0
33687,0
62362,0
86620,0
53156,0
5005,0
20580,0
12723,0
89407,0
64006,0
36858,0
17415,0
73937,0
68508,0
1998,0
79357,0
52956,0
45854,0
93185,0
8226,0
81871,0
8020,0
48526,0
60300,0
95972,0
84630,0
87399,0
76310,0
59886,0
76677,0
62831,0
93386,0
16176,0
25834,0
5047,0
3164,0
11251,0
78971,0
93067,0
74012,0
83275,0
37035,0
56058,0
48607,0
72407,0
64095,0
95226,0
45046,0
86779,0
26075,0
64669,0
24464,0
60850,0
52142,0
31418,0
66330,0
3399,0
61099,0
93895,0
17461,0
12626,0
99851,0
73134,0
39638,0
35428,0
19793,0
80547,0
74106,0
59993,0
289,0
17954,0
74711,0
766,0
30682,0
34945,0
92533,0
63254,0
95751,0
3551,0
54435,0
21476,0
17818,0
20928,0
22370,0
50855,0
82642,0
85890,0
89355,0
66158,0
27565,0
83911,0
13525,0
59038,0
62779,0
42535,0
1852,0
16419,0
67958,0
76582,0
16029,0
4733,0
46104,0
6514,0
22458,0
81264,0
4360,0
41543,0
30364,0
92560,0
66060,0
13076,0
66768,0
85869,0
68850,0
65030,0
22803,0
14255,0
55699,0
13983,0
31090,0
40080,0
10397,0
37862,0
32373,0
57823,0
9247,0
77537,0
54703,0
3618,0
98458,0
20894,0
53929,0
13967,0
46648,0
17646,0
74869,0
29815,0
12937,0
9479,0
89798,0
73455,0
56163,0
79223,0
74575,0
59784,0
19275,0
50779,0
30605,0
6243,0
20366,0
67939,0
16918,0
8071,0
80285,0
18810,0
68158,0
64836,0
17159,0
48075,0
79920,0
39819,0
78797,0
25141,0
29843,0
44895,0
31474,0
36191,0
65632,0
20707,0
64800,0
54190,0
74878,0
31949,0
46373,0
77164,0
72187,0
30552,0
91167,0
16315,0
5947,0
20736,0
82836,0
23342,0
83174,0
80621,0
99073,0
35794,0
42609,0
211,0
70523,0
76118,0
21475,0
39489,0
62676,0
15521,0
86240,0
29449,0
55653,0
59362,0
84740,0
25575,0
18934,0
63724,0
74868,0
98914,0
67459,0
74733,0
56468,0
66686,0
9545,0
91336,0
7073,0
89960,0
75862,0
91655,0
16384,0
75475,0
84910,0
47027,0
95629,0
32218,0
53578,0
81829,0
43546,0
55306,0
25478,0
49141,0
90108,0
47790,0
94050,0
59754,0
74077,0
27868,0
77263,0
86147,0
78580,0
54058,0
1637,0
57688,0
87176,0
63013,0
18614,0
70658,0
69130,0
27794,0
17785,0
63729,0
7399,0
45787,0
13509,0
56138,0
16662,0
82276,0
7143,0
1706,0
97655,0
92510,0
27518,0
73243,0
59521,0
71549,0
85527,0
95289,0
90285,0
83437,0
27380,0
6180,0
52192,0
61534,0
53332,0
47419,0
59216,0
94336,0
21782,0
28513,0
94126,0
63064,0
33755,0
65354,0
90620,0
66189,0
61522,0
80861,0
96747,0
754,0
69137,0
55459,0
47610,0
41266,0
20140,0
88056,0
10684,0
9069,0
97780,0
778,0
53230,0
48984,0
95087,0
13734,0
71060,0
25278,0
29600,0
40132,0
71200,0
55307,0
35842,0
47502,0
71932,0
25362,0
46079,0
73,0
37591,0
63556,0
72276,0
49059,0
4742,0
35013,0
83524,0
13030,0
62782,0
7988,0
80172,0
11283,0
22631,0
9387,0
58899,0
69663,0
63357,0
62416,0
47141,0
29195,0
13728,0
12307,0
82856,0
12740,0
98815,0
53219,0
65061,0
66981,0
29330,0
53243,0
5504,0
1854,0
83502,0
44529,0
59913,0
19727,0
91846,0
84846,0
83977,0
31737,0
89927,0
47680,0
76883,0
44315,0
68104,0
65674,0
524,0
72773,0
22548,0
99628,0
23530,0
62339,0
47717,0
81651,0
39468,0
97624,0
54605,0
91731,0
15559,0
27607,0
50135,0
73705,0
90532,0
70673,0
11945,0
66363,0
720,0
33040,0
93312,0
4804,0
96055,0
83300,0
32816,0
49477,0
58343,0
616,0
77192,0
47220,0
64207,0
65455,0
14754,0
42611,0
45802,0
12425,0
39019,0
93410,0
27301,0
9673,0
28357,0
12838,0
99716,0
87428,0
87908,0
41701,0
96061,0
45437,0
22908,0
68925,0
12552,0
47139,0
15530,0
70039,0
18314,0
58720,0
81232,0
29527,0
62350,0
32567,0
75418,0
31179,0
93047,0
33036,0
23852,0
44701,0
30657,0
40223,0
49042,0
80876,0
59649,0
16987,0
71357,0
15319,0
67928,0
91596,0
99808,0
9541,0
44787,0
39266,0
86820,0
80056,0
3353,0
4718,0
24114,0
51206,0
87815,0
56663,0
28949,0
92848,0
81654,0
56662,0
66906,0
25512,0
65347,0
78940,0
49954,0
763,0
81484,0
64547,0
92729,0
14591,0
3851,0
50431,0
65943,0
85375,0
99074,0
4459,0
23087,0
54263,0
32520,0
7777,0
43464,0
85581,0
40654,0
98543,0
92505,0
58688,0
51123,0
78271,0
86742,0
67128,0
75853,0
57051,0
14991,0
23956,0
66832,0
18547,0
35431,0
38061,0
5729,0
95288,0
98164,0
87438,0
96136,0
70134,0
18765,0
31714,0
75098,0
21569,0
86373,0
43221,0
12534,0
90379,0
70514,0
62286,0
20598,0
94143,0
10840,0
15932,0
92418,0
90718,0
16884,0
65431,0
16225,0
39418,0
64056,0
55020,0
25857,0
61961,0
17377,0
85182,0
54365,0
58527,0
88243,0
81555,0
11287,0
18158,0
26789,0
2348,0
2944,0
32599,0
14229,0
9331,0
85121,0
65932,0
58151,0
81415,0
32147,0
45326,0
49348,0
33268,0
78722,0
59714,0
98385,0
97440,0
62579,0
28678,0
61630,0
26213,0
89767,0
58340,0
32465,0
73668,0
15201,0
46420,0
5565,0
30202,0
1412,0
85928,0
60596,0
24773,0
40633,0
27836,0
63994,0
85797,0
21532,0
68507,0
74287,0
43300,0
77379,0
5105,0
38026,0
96434,0
58854,0
79193,0
16204,0
31776,0
47457,0
44890,0
30244,0
26623,0
28385,0
13324,0
62657,0
79421,0
32997,0
73435,0
55607,0
52408,0
34256,0
47883,0
41998,0
69404,0
37533,0
77648,0
13958,0
71134,0
91044,0
62261,0
97636,0
54899,0
82756,0
56633,0
11525,0
64294,0
31847,0
51279,0
77474,0
19059,0
48121,0
34306,0
38530,0
48083,0
49040,0
93757,0
89560,0
46712,0
3904,0
50628,0
68523,0
40491,0
99954,0
78373,0
42965,0
41913,0
24442,0
62187,0
97369,0
63480,0
88489,0
2673,0
39889,0
42490,0
13093,0
97308,0
54576,0
79179,0
51494,0
32195,0
7467,0
30183,0
42273,0
6919,0
50864,0
90546,0
98395,0
3101,0
4989,0
30627,0
32925,0
54318,0
72165,0
2008,0
93999,0
96531,0
10194,0
34153,0
3016,0
72378,0
31000,0
97978,0
21753,0
56577,0
34164,0
91704,0
93591,0
12067,0
45027,0
2232,0
53721,0
89723,0
12596,0
86160,0
69694,0
72825,0
42263,0
31345,0
56417,0
93370,0
6006,0
42085,0
50995,0
27151,0
68123,0
12223,0
7746,0
24907,0
98393,0
95402,0
57578,0
32794,0
71033,0
49713,0
76456,0
3018,0
65162,0
62331,0
89855,0
65929,0
37798,0
68138,0
66353,0
63502,0
5197,0
63386,0
39523,0
72667,0
42169,0
48785,0
9599,0
91400,0
77174,0
72434,0
33581,0
41118,0
10396,0
6776,0
23535,0
35593,0
87938,0
88370,0
45677,0
62973,0
60725,0
24251,0
35865,0
72321,0
42289,0
69143,0
73791,0
15847,0
31635,0
58677,0
24453,0
16046,0
89176,0
68309,0
70215,0
65241,0
12399,0
12933,0
48426,0
51962,0
44543,0
78565,0
25286,0
55177,0
947,0
96487,0
70747,0
27937,0
74021,0
93000,0
58326,0
7977,0
43972,0
33897,0
71316,0
51786,0
46709,0
63646,0
87526,0
31053,0
66950,0
97152,0
56447,0
7823,0
59799,0
67057,0
52717,0
77403,0
18916,0
77477,0
92596,0
81260,0
11365,0
89036,0
22163,0
47022,0
95139,0
52499,0
64002,0
68134,0
37311,0
4134,0
44513,0
93663,0
70433,0
67444,0
16404,0
61174,0
60595,0
44838,0
84959,0
2835,0
19231,0
78319,0
1768,0
18601,0
24850,0
66761,0
87326,0
97325,0
45333,0
1639,0
78426,0
30029,0
55878,0
75391,0
63343,0
70608,0
27494,0
81766,0
62211,0
65127,0
71185,0
59243,0
20203,0
55598,0
57870,0
77931,0
64299,0
67478,0
82447,0
26048,0
98716,0
71097,0
18176,0
95292,0
80597,0
47210,0
68484,0
10539,0
35043,0
24146,0
34596,0
72802,0
54585,0
27417,0
57204,0
81556,0
31792,0
26049,0
38249,0
97513,0
37826,0
93498,0
65996,0
86886,0
5570,0
43293,0
40583,0
63666,0
44017,0
83766,0
92940,0
26066,0
30497,0
75584,0
57076,0
55997,0
21807,0
92980,0
86410,0
57760,0
2391,0
89023,0
35893,0
30652,0
98585,0
28797,0
55103,0
54654,0
10097,0
49746,0
90731,0
53907,0
80579,0
45432,0
91293,0
39344,0
32891,0
75151,0
12617,0
40701,0
3555,0
30809,0
20210,0
82009,0
6935,0
62430,0
91658,0
60351,0
4211,0
55227,0
92254,0
98238,0
63336,0
12839,0
91758,0
41126,0
29419,0
37305,0
69239,0
80479,0
15934,0
45504,0
29260,0
52825,0
61511,0
97838,0
16054,0
48816,0
56819,0
19576,0
60121,0
42674,0
9635,0
17270,0
85473,0
31342,0
55800,0
6429,0
7108,0
738,0
16946,0
98702,0
50179,0
71368,0
18961,0
61461,0
74200,0
52310,0
60971,0
76884,0
5445,0
10461,0
8713,0
47513,0
6921,0
50761,0
95251,0
26447,0
4737,0
65153,0
60273,0
43870,0
79187,0
76870,0
71293,0
66897,0
81711,0
74238,0
24999,0
84388,0
44626,0
76746,0
4596,0
87729,0
29802,0
61490,0
74697,0
23000,0
6095,0
12924,0
260,0
5968,0
67093,0
95836,0
51939,0
90520,0
26130,0
94182,0
97935,0
68187,0
77973,0
79860,0
83,0
35184,0
83912,0
86103,0
57690,0
65401,0
15068,0
19384,0
68677,0
55752,0
23393,0
76031,0
32947,0
83388,0
55133,0
7406,0
46075,0
86973,0
36826,0
62480,0
53752,0
46353,0
372,0
81310,0
78959,0
27538,0
570,0
94289,0
67176,0
15713,0
59308,0
82744,0
63226,0
28972,0
88540,0
1311,0
37283,0
43922,0
69012,0
29103,0
54652,0
79489,0
29872,0
48696,0
63999,0
87492,0
37123,0
94896,0
2210,0
3352,0
28156,0
6373,0
97476,0
76172,0
3029,0
49908,0
80089,0
69639,0
67621,0
95120,0
77850,0
90630,0
82712,0
22830,0
38716,0
71151,0
2878,0
4458,0
57358,0
91944,0
84704,0
35303,0
42809,0
6459,0
86534,0
65602,0
17381,0
66270,0
83835,0
56188,0
28188,0
8089,0
98582,0
60999,0
64900,0
56445,0
38857,0
13871,0
2271,0
74984,0
67273,0
76787,0
3977,0
68608,0
86654,0
7036,0
83523,0
97942,0
14028,0
8349,0
20355,0
7405,0
96540,0
44874,0
71869,0
27636,0
44303,0
23057,0
94549,0
95179,0
57534,0
29932,0
31159,0
10935,0
18567,0
52947,0
43693,0
57720,0
98567,0
18995,0
48587,0
49687,0
53534,0
66427,0
8437,0
48829,0
55747,0
32941,0
41399,0
32960,0
23707,0
48703,0
32403,0
71372,0
99922,0
13589,0
12594,0
67397,0
92706,0
59066,0
69216,0
26074,0
54852,0
14038,0
27890,0
58290,0
31343,0
83569,0
71765,0
4437,0
3202,0
71950,0
73070,0
80633,0
16618,0
36008,0
11705,0
70233,0
27963,0
21757,0
25150,0
93704,0
73784,0
86143,0
69717,0
13738,0
7954,0
44729,0
65643,0
21997,0
34766,0
8400,0
86766,0
48663,0
47820,0
15082,0
34490,0
11907,0
77890,0
86870,0
23485,0
44601,0
78673,0
11184,0
4291,0
72113,0
68963,0
85380,0
90653,0
27153,0
29697,0
46963,0
78235,0
17320,0
96905,0
2158,0
5542,0
10475,0
54925,0
33362,0
65300,0
57299,0
70137,0
73776,0
59285,0
73251,0
46924,0
42656,0
43806,0
13499,0
28445,0
5685,0
27017,0
91975,0
92160,0
35224,0
26795,0
36545,0
45460,0
33761,0
11068,0
1431,0
6672,0
84251,0
78049,0
72516,0
38265,0
31396,0
93599,0
29100,0
12410,0
55676,0
7194,0
79668,0
76195,0
2703,0
78497,0
35379,0
89910,0
28966,0
13045,0
90968,0
1264,0
21845,0
59371,0
7982,0
22442,0
29960,0
63290,0
83390,0
42761,0
14297,0
46399,0
77705,0
52384,0
7433,0
93162,0
8054,0
98797,0
4204,0
65975,0
56200,0
12051,0
88482,0
38789,0
22598,0
18252,0
4678,0
321,0
24886,0
77533,0
28999,0
50642,0
21022,0
10274,0
94664,0
42397,0
6879,0
39386,0
23050,0
48135,0
1215,0
3614,0
18558,0
99280,0
41435,0
37375,0
32459,0
91693,0
69753,0
77913,0
80502,0
9015,0
41880,0
70340,0
10814,0
44514,0
45052,0
21121,0
63783,0
27958,0
98181,0
57697,0
27992,0
28467,0
83143,0
17983,0
77449,0
63277,0
65381,0
60229,0
93118,0
48597,0
25534,0
7176,0
96040,0
93666,0
22203,0
55409,0
73012,0
49315,0
79101,0
46691,0
35907,0
51328,0
90801,0
36233,0
27455,0
93617,0
93055,0
24638,0
33806,0
62375,0
96139,0
66664,0
69540,0
75881,0
4068,0
86241,0
1979,0
36412,0
11583,0
49978,0
80095,0
15,0
35960,0
75778,0
68242,0
3194,0
57279,0
54552,0
87183,0
73806,0
81903,0
49182,0
45868,0
5203,0
52236,0
60360,0
52958,0
87692,0
6382,0
60974,0
83543,0
98348,0
65341,0
62660,0
95371,0
99218,0
19531,0
82824,0
47895,0
57601,0
48589,0
7464,0
10799,0
54309,0
31536,0
28219,0
42561,0
85617,0
52660,0
21528,0
89239,0
6637,0
35035,0
45758,0
48604,0
60125,0
70544,0
38272,0
4745,0
57652,0
77425,0
21822,0
7512,0
36683,0
14321,0
76259,0
93124,0
81350,0
19768,0
8293,0
87849,0
88419,0
8004,0
50360,0
31211,0
84377,0
69649,0
42317,0
5670,0
81053,0
36648,0
82722,0
62079,0
82260,0
73065,0
4039,0
42228,0
72689,0
95494,0
58452,0
70535,0
95104,0
68549,0
21613,0
13466,0
86470,0
98147,0
15650,0
24703,0
41562,0
85046,0
73029,0
25037,0
22975,0
91891,0
40837,0
21052,0
95577,0
30155,0
25464,0
88752,0
31781,0
33939,0
68524,0
56812,0
20160,0
96976,0
57237,0
12484,0
87807,0
38298,0
24513,0
93242,0
79347,0
62005,0
98414,0
16886,0
18528,0
72127,0
98960,0
9810,0
32404,0
84009,0
69158,0
71878,0
18096,0
62735,0
55786,0
65395,0
14939,0
32293,0
69874,0
42352,0
81067,0
90896,0
92334,0
75655,0
12582,0
24879,0
86135,0
95021,0
12612,0
53719,0
59474,0
97875,0
11503,0
13924,0
33622,0
246,0
30143,0
75421,0
56843,0
22781,0
45814,0
89366,0
1346,0
45822,0
24052,0
61920,0
90463,0
25144,0
96965,0
14817,0
60615,0
77581,0
32142,0
56226,0
29191,0
4126,0
47228,0
5756,0
54897,0
56502,0
84616,0
39757,0
48865,0
52463,0
48328,0
28703,0
73595,0
45972,0
53753,0
29796,0
56865,0
74647,0
43481,0
53508,0
96746,0
34571,0
39481,0
9358,0
84944,0
43013,0
86292,0
46077,0
81466,0
27507,0
86609,0
38448,0
25758,0
15407,0
87168,0
78064,0
22473,0
52011,0
2726,0
34981,0
84892,0
7555,0
69461,0
24029,0
21342,0
98906,0
14904,0
84142,0
62819,0
97746,0
7234,0
96776,0
78196,0
84848,0
97146,0
58248,0
64619,0
52267,0
39959,0
50932,0
17468,0
79376,0
62255,0
45893,0
55392,0
20302,0
61227,0
65531,0
11627,0
34273,0
44865,0
76852,0
47235,0
10626,0
71004,0
61701,0
40826,0
29416,0
49228,0
35606,0
61953,0
67769,0
81830,0
68650,0
58876,0
12765,0
11194,0
24896,0
79092,0
55501,0
29601,0
22286,0
42426,0
75264,0
64194,0
90737,0
33190,0
38368,0
27068,0
43041,0
3754,0
75443,0
21621,0
63755,0
83692,0
30098,0
75577,0
94963,0
84202,0
6493,0
23520,0
59805,0
273,0
1622,0
10597,0
99912,0
72239,0
75899,0
23219,0
42730,0
38746,0
1664,0
5977,0
65018,0
69630,0
26932,0
16997,0
25397,0
22755,0
2019,0
2988,0
20811,0
20910,0
78601,0
52843,0
57060,0
62854,0
11443,0
38737,0
57616,0
62778,0
91289,0
89745,0
65136,0
96844,0
48892,0
24049,0
18741,0
25126,0
65327,0
27123,0
84870,0
22131,0
53582,0
8847,0
44006,0
15377,0
28408,0
31151,0
11060,0
16106,0
19424,0
95843,0
35276,0
26612,0
85312,0
39739,0
55856,0
57659,0
60828,0
12609,0
90042,0
53892,0
71475,0
27093,0
15127,0
88492,0
12303,0
30237,0
55091,0
68960,0
44782,0
95541,0
63090,0
98629,0
42232,0
2885,0
86157,0
22475,0
22035,0
11902,0
37563,0
55627,0
82466,0
85194,0
10171,0
66092,0
85038,0
44009,0
60537,0
77561,0
70577,0
37220,0
13010,0
8114,0
44179,0
12733,0
63828,0
27780,0
27466,0
22241,0
32884,0
2012,0
13839,0
77972,0
24906,0
17828,0
85624,0
65041,0
33159,0
2212,0
26895,0
14437,0
39492,0
43871,0
96954,0
51797,0
57872,0
18068,0
42157,0
13601,0
10941,0
35618,0
73600,0
56073,0
29746,0
87550,0
29062,0
16192,0
89391,0
79847,0
97736,0
95619,0
70601,0
42765,0
13982,0
36339,0
65566,0
74116,0
50162,0
33419,0
76958,0
95116,0
34560,0
47805,0
63865,0
77697,0
41630,0
76361,0
3180,0
75634,0
61295,0
80854,0
62988,0
62313,0
12932,0
63818,0
72423,0
41733,0
30118,0
43510,0
69293,0
38869,0
69198,0
15646,0
45694,0
91675,0
29373,0
80062,0
24489,0
65168,0
36632,0
65114,0
93181,0
13869,0
65515,0
77183,0
88197,0
78327,0
44039,0
41597,0
39313,0
8383,0
80371,0
10423,0
53481,0
52859,0
1081,0
81240,0
15640,0
57650,0
53333,0
78258,0
73846,0
70722,0
62100,0
14646,0
1361,0
18650,0
36755,0
52114,0
69575,0
38668,0
36385,0
79903,0
57752,0
89539,0
36216,0
94166,0
6534,0
73726,0
23161,0
77888,0
17657,0
3017,0
34651,0
22072,0
71376,0
11988,0
17864,0
40427,0
34432,0
48278,0
24282,0
38250,0
75823,0
45913,0
91202,0
42577,0
17820,0
24716,0
43119,0
70303,0
84117,0
54398,0
86793,0
6253,0
18002,0
43456,0
5562,0
10135,0
6996,0
40482,0
91902,0
69079,0
57130,0
18634,0
72849,0
47394,0
81566,0
45202,0
70935,0
10301,0
44777,0
1117,0
85354,0
27669,0
72167,0
47277,0
35353,0
36090,0
30738,0
14599,0
50755,0
62856,0
43611,0
39576,0
15613,0
44718,0
88455,0
23782,0
46395,0
51806,0
92431,0
44936,0
39276,0
19522,0
16568,0
69091,0
2165,0
4057,0
34876,0
72629,0
86161,0
107,0
52033,0
90989,0
99839,0
20852,0
8238,0
70976,0
55994,0
93097,0
1379,0
89474,0
2189,0
17658,0
77759,0
92226,0
90780,0
98810,0
44383,0
71329,0
45103,0
32105,0
59616,0
18514,0
84737,0
83693,0
12669,0
1801,0
74772,0
9691,0
60901,0
52433,0
90414,0
81733,0
90333,0
11027,0
93765,0
75596,0
74589,0
87928,0
10117,0
50674,0
98541,0
57630,0
62687,0
41910,0
36220,0
19827,0
15681,0
89501,0
25450,0
38155,0
34289,0
93521,0
91963,0
4346,0
16936,0
44599,0
63160,0
60471,0
68420,0
72906,0
20666,0
9572,0
75268,0
14386,0
15880,0
47268,0
73068,0
74894,0
44966,0
41022,0
28215,0
30025,0
68021,0
67026,0
74442,0
75536,0
11771,0
57525,0
66720,0
82116,0
75270,0
5334,0
81188,0
60411,0
97418,0
53633,0
8103,0
1675,0
23053,0
20145,0
22121,0
72019,0
70696,0
8768,0
51481,0
85838,0
6366,0
77863,0
97938,0
50174,0
87318,0
30140,0
96394,0
67118,0
9137,0
29842,0
654,0
96647,0
69520,0
60805,0
60668,0
34027,0
97009,0
30804,0
31982,0
74695,0
1705,0
36879,0
37834,0
14056,0
42316,0
71780,0
86367,0
51896,0
89737,0
81971,0
84552,0
35658,0
80798,0
72433,0
85159,0
37122,0
5931,0
10671,0
58948,0
4922,0
92854,0
60133,0
24174,0
46894,0
94130,0
61471,0
83365,0
3813,0
67738,0
47554,0
75583,0
48402,0
1847,0
84138,0
46639,0
95119,0
96521,0
19266,0
56026,0
81526,0
567,0
75834,0
6416,0
89711,0
67073,0
92480,0
65781,0
19607,0
40957,0
95764,0
16895,0
57069,0
92991,0
32021,0
18828,0
33741,0
91469,0
18713,0
28074,0
53942,0
60644,0
14252,0
26660,0
45169,0
80203,0
87224,0
54388,0
74771,0
71700,0
47478,0
65197,0
42068,0
62113,0
505,0
14005,0
7989,0
6414,0
4904,0
80850,0
34725,0
42087,0
12790,0
88977,0
16588,0
2267,0
41511,0
64867,0
24544,0
89460,0
23564,0
31677,0
36006,0
26332,0
56641,0
43854,0
26862,0
52767,0
54008,0
39241,0
14196,0
43455,0
16594,0
55240,0
6792,0
25308,0
24669,0
82377,0
19911,0
24273,0
44113,0
15730,0
94691,0
52297,0
13814,0
77910,0
20021,0
72897,0
99439,0
55292,0
8411,0
90797,0
95051,0
94043,0
69912,0
41890,0
51770,0
20162,0
84739,0
12784,0
35041,0
50319,0
9506,0
30000,0
59406,0
59923,0
96827,0
89864,0
93614,0
10162,0
71149,0
7829,0
79494,0
56259,0
87780,0
61883,0
24488,0
95322,0
92215,0
81850,0
11517,0
90986,0
69604,0
67913,0
98258,0
51047,0
55200,0
86348,0
17147,0
61584,0
83426,0
71782,0
27749,0
37275,0
37585,0
20980,0
30479,0
75,0
81992,0
67238,0
94383,0
82434,0
59586,0
96718,0
82858,0
53628,0
44033,0
44588,0
5573,0
59381,0
46752,0
89507,0
36989,0
3061,0
99470,0
47119,0
35368,0
84557,0
75152,0
21255,0
64221,0
80707,0
83646,0
94210,0
84159,0
49786,0
93575,0
53235,0
68193,0
37233,0
92296,0
56995,0
59224,0
11582,0
13348,0
30907,0
85491,0
83730,0
39867,0
97412,0
66913,0
24057,0
79108,0
87201,0
62201,0
67169,0
52649,0
95044,0
35637,0
41507,0
20074,0
74969,0
62387,0
98720,0
17029,0
31554,0
69029,0
69289,0
17710,0
13658,0
42533,0
11659,0
82207,0
53056,0
28243,0
77396,0
491,0
4032,0
31649,0
51569,0
35241,0
22483,0
60087,0
26662,0
51736,0
53060,0
90354,0
87304,0
12787,0
84137,0
40870,0
58390,0
68116,0
99190,0
60926,0
65495,0
93659,0
17244,0
36529,0
53351,0
2471,0
39027,0
4791,0
91842,0
70055,0
83060,0
93026,0
80706,0
50375,0
68571,0
50388,0
56883,0
65182,0
61420,0
95886,0
58711,0
27000,0
73516,0
5660,0
75959,0
18255,0
84778,0
29038,0
33929,0
51674,0
24156,0
41053,0
50865,0
82695,0
74128,0
49944,0
65651,0
46250,0
5932,0
51163,0
25228,0
33006,0
40636,0
12762,0
79263,0
5374,0
53469,0
48205,0
29911,0
48410,0
93325,0
73847,0
54684,0
47372,0
85545,0
82076,0
38985,0
88559,0
48641,0
50953,0
22898,0
32243,0
46828,0
60915,0
96626,0
72124,0
90434,0
79516,0
4059,0
57172,0
24314,0
9353,0
74594,0
39299,0
18088,0
53502,0
71124,0
19841,0
87862,0
95930,0
89726,0
41261,0
88826,0
45819,0
44750,0
6582,0
47997,0
93444,0
80824,0
13355,0
39303,0
12741,0
2062,0
57715,0
1443,0
7351,0
41438,0
89881,0
85191,0
67264,0
28027,0
35867,0
7146,0
13820,0
5250,0
60804,0
89551,0
52089,0
62485,0
11529,0
64020,0
83696,0
97870,0
36304,0
71324,0
61021,0
39176,0
97471,0
64245,0
3877,0
6043,0
66669,0
61414,0
56469,0
89839,0
97017,0
21182,0
56488,0
3463,0
56473,0
40805,0
35827,0
24552,0
57920,0
77594,0
44353,0
76651,0
70847,0
56352,0
35523,0
59210,0
87760,0
79881,0
48959,0
47370,0
14595,0
97536,0
59466,0
73794,0
36205,0
86883,0
78156,0
84191,0
83371,0
45268,0
82498,0
45783,0
61637,0
7963,0
69398,0
82461,0
94461,0
35232,0
73013,0
16800,0
70930,0
4047,0
7950,0
58364,0
30245,0
89579,0
71420,0
90812,0
28082,0
27406,0
79375,0
92066,0
64630,0
73887,0
84229,0
56338,0
58426,0
79098,0
24407,0
65869,0
55032,0
14634,0
17101,0
75145,0
73919,0
19037,0
42126,0
75860,0
48728,0
58396,0
71766,0
86798,0
56444,0
55164,0
52534,0
20693,0
18348,0
7240,0
75417,0
3173,0
46130,0
29971,0
99475,0
1817,0
88108,0
6511,0
11706,0
99347,0
62882,0
66210,0
4768,0
64715,0
63427,0
94304,0
34879,0
98581,0
98972,0
47740,0
96186,0
31889,0
98640,0
53848,0
94221,0
13056,0
76075,0
57545,0
97473,0
10339,0
57066,0
15251,0
56591,0
18433,0
67867,0
85170,0
44743,0
25208,0
2438,0
69707,0
1555,0
20974,0
87559,0
35102,0
68985,0
4665,0
3174,0
9722,0
74944,0
42453,0
7310,0
12454,0
47143,0
17986,0
14662,0
25075,0
68869,0
48983,0
53157,0
11411,0
13500,0
61980,0
56632,0
4146,0
43419,0
22451,0
63082,0
24291,0
11253,0
77670,0
59234,0
42559,0
83564,0
91094,0
24866,0
36860,0
65622,0
83413,0
77205,0
95017,0
29617,0
392,0
75160,0
97304,0
76657,0
22289,0
66499,0
43832,0
88704,0
66970,0
73825,0
72916,0
88496,0
28439,0
37640,0
21789,0
74790,0
25759,0
50709,0
62584,0
3569,0
86073,0
98618,0
78406,0
27043,0
38118,0
12598,0
52467,0
82517,0
4474,0
34697,0
82930,0
28124,0
5441,0
54323,0
47376,0
2363,0
52148,0
93341,0
18261,0
5872,0
27058,0
62128,0
81058,0
68354,0
35511,0
75978,0
50935,0
2720,0
52599,0
79744,0
48748,0
31941,0
53891,0
74939,0
62272,0
63685,0
66691,0
94080,0
80525,0
45247,0
68383,0
51166,0
67678,0
55273,0
25753,0
43914,0
91457,0
83782,0
34833,0
54773,0
20319,0
56079,0
8130,0
95357,0
99641,0
24087,0
21274,0
59642,0
32275,0
86914,0
84644,0
67044,0
92070,0
20905,0
72003,0
86072,0
66469,0
35310,0
20751,0
85272,0
50848,0
80774,0
17901,0
10241,0
69471,0
6811,0
76293,0
26386,0
49171,0
40548,0
65043,0
5339,0
39755,0
31652,0
61225,0
43223,0
92097,0
49426,0
86381,0
57449,0
92700,0
63203,0
41793,0
29569,0
55976,0
80682,0
18302,0
95633,0
41306,0
75551,0
80330,0
48005,0
96372,0
55007,0
8018,0
88691,0
95911,0
35494,0
15588,0
99931,0
54451,0
69734,0
6303,0
19199,0
66858,0
58715,0
50640,0
14822,0
77629,0
29427,0
95205,0
72590,0
82259,0
27280,0
52175,0
23896,0
54618,0
77853,0
95252,0
91085,0
31330,0
70262,0
51158,0
63970,0
52906,0
80756,0
2732,0
36933,0
16860,0
36962,0
7867,0
35328,0
39536,0
67578,0
744,0
53584,0
3109,0
73504,0
73559,0
13727,0
69566,0
24969,0
57096,0
87999,0
64098,0
68620,0
86997,0
9528,0
23447,0
92725,0
14603,0
14066,0
5372,0
5038,0
73893,0
97729,0
50176,0
35834,0
30274,0
68665,0
48896,0
36344,0
2816,0
17480,0
70162,0
6351,0
1223,0
6712,0
84882,0
99291,0
6104,0
36944,0
41155,0
97712,0
62245,0
69815,0
83699,0
48389,0
72648,0
14022,0
35681,0
44727,0
34851,0
13018,0
33310,0
26635,0
5091,0
2334,0
25965,0
51976,0
49626,0
85225,0
16676,0
89093,0
66881,0
26693,0
20837,0
25498,0
21422,0
14088,0
11319,0
72653,0
41164,0
17587,0
9007,0
94519,0
31484,0
82569,0
36709,0
47322,0
30375,0
84286,0
77531,0
30280,0
44372,0
11763,0
78740,0
79189,0
71897,0
52065,0
20500,0
59531,0
2073,0
85181,0
93682,0
30382,0
6596,0
49658,0
32229,0
91389,0
91410,0
36023,0
86992,0
49214,0
5698,0
81399,0
80202,0
38559,0
59997,0
46238,0
4881,0
21115,0
78638,0
15727,0
33373,0
67540,0
91702,0
48247,0
68070,0
80072,0
94562,0
90091,0
18835,0
27144,0
17509,0
59103,0
2051,0
42695,0
15386,0
78209,0
88377,0
41743,0
80200,0
19149,0
1588,0
2320,0
93686,0
98108,0
2864,0
1260,0
59297,0
68345,0
58499,0
640,0
61536,0
65681,0
18646,0
95077,0
64471,0
57187,0
96087,0
72404,0
89117,0
76063,0
73998,0
23240,0
33,0
5365,0
20076,0
61188,0
30328,0
13764,0
77343,0
949,0
64853,0
81512,0
12246,0
68198,0
77019,0
8053,0
21212,0
43442,0
97137,0
38294,0
85286,0
1649,0
79997,0
9017,0
90368,0
21110,0
51005,0
8780,0
13876,0
43044,0
68485,0
53791,0
38469,0
27471,0
5678,0
72548,0
60703,0
8462,0
75097,0
60510,0
42131,0
74925,0
85271,0
93841,0
69109,0
82385,0
6850,0
86521,0
94279,0
32261,0
30409,0
19571,0
18300,0
61869,0
52639,0
85427,0
50440,0
30590,0
28204,0
78081,0
49088,0
6017,0
21977,0
83997,0
63221,0
12499,0
37019,0
95350,0
11216,0
59699,0
69859,0
34613,0
20532,0
79018,0
33659,0
97898,0
98988,0
3360,0
69056,0
96097,0
65564,0
31636,0
41187,0
10831,0
84245,0
84554,0
427,0
49483,0
9781,0
20643,0
38636,0
59728,0
93935,0
6714,0
41941,0
67216,0
32084,0
82493,0
48934,0
71523,0
38696,0
35934,0
12623,0
56316,0
31971,0
95976,0
48485,0
83877,0
60774,0
64110,0
577,0
9523,0
83705,0
23691,0
53003,0
31208,0
94019,0
57474,0
42155,0
15997,0
75204,0
5202,0
15693,0
65115,0
30401,0
76614,0
29423,0
1372,0
49478,0
33331,0
76452,0
47634,0
81861,0
3853,0
4855,0
67429,0
78369,0
52981,0
8762,0
24484,0
4654,0
77598,0
30499,0
16738,0
58368,0
14798,0
90252,0
57674,0
61722,0
34824,0
5401,0
71961,0
78537,0
80413,0
75657,0
82293,0
55795,0
41775,0
19233,0
70623,0
5031,0
36370,0
35603,0
98317,0
73522,0
21708,0
97191,0
64284,0
87763,0
8689,0
93494,0
4212,0
9370,0
96093,0
64921,0
46443,0
58669,0
61360,0
22554,0
45567,0
5960,0
45352,0
67647,0
7901,0
98997,0
26163,0
14228,0
50245,0
72130,0
17794,0
30081,0
61469,0
30008,0
40795,0
80086,0
32973,0
45207,0
70020,0
98116,0
95496,0
41827,0
64257,0
98194,0
97731,0
49260,0
35446,0
68611,0
98310,0
4650,0
96841,0
42364,0
87390,0
47729,0
28402,0
81693,0
58884,0
82343,0
56402,0
18017,0
48113,0
65271,0
27441,0
83861,0
50486,0
93645,0
77982,0
35594,0
69905,0
82174,0
18200,0
30125,0
5384,0
3575,0
2107,0
48194,0
62424,0
8612,0
9113,0
77760,0
41415,0
58637,0
87383,0
9742,0
56345,0
24439,0
17964,0
48899,0
93113,0
56064,0
73545,0
97415,0
49302,0
35697,0
44876,0
27897,0
66848,0
19129,0
24501,0
49677,0
14304,0
25820,0
1545,0
78954,0
99849,0
90913,0
91253,0
89310,0
20732,0
39332,0
83159,0
36769,0
23866,0
31160,0
20991,0
13763,0
59711,0
23874,0
54283,0
8263,0
69609,0
11758,0
34146,0
95995,0
5273,0
52111,0
77162,0
43137,0
75517,0
20407,0
85019,0
95526,0
96153,0
43479,0
54039,0
36434,0
85389,0
82441,0
78877,0
87256,0
59082,0
7248,0
63661,0
61255,0
3448,0
57499,0
65436,0
60909,0
64764,0
23774,0
73060,0
79067,0
78046,0
53809,0
75729,0
45957,0
40715,0
70369,0
55987,0
62978,0
22186,0
5904,0
13120,0
4454,0
30536,0
25861,0
20485,0
79195,0
2845,0
84649,0
37546,0
18175,0
25381,0
25671,0
52670,0
90312,0
53569,0
77617,0
23699,0
61927,0
44398,0
39570,0
60626,0
33043,0
67739,0
10419,0
41957,0
13359,0
55491,0
69543,0
32760,0
63383,0
72437,0
22110,0
42075,0
96258,0
72129,0
96331,0
79566,0
87417,0
19541,0
49956,0
36857,0
88338,0
38271,0
1092,0
75229,0
52378,0
18984,0
72801,0
86388,0
11450,0
48050,0
43963,0
17373,0
61419,0
55500,0
70571,0
55169,0
90093,0
2153,0
62466,0
1615,0
30317,0
26940,0
84404,0
41093,0
2799,0
82350,0
8649,0
53436,0
34067,0
34860,0
41122,0
92989,0
2402,0
49400,0
56904,0
63298,0
15793,0
55162,0
7970,0
26784,0
14778,0
95290,0
54587,0
61452,0
22486,0
98835,0
72984,0
57448,0
71903,0
58005,0
2973,0
31580,0
33334,0
46570,0
49186,0
21706,0
3985,0
15586,0
55111,0
42890,0
41034,0
2688,0
87599,0
48617,0
40727,0
24459,0
8037,0
4586,0
73599,0
99732,0
15479,0
22529,0
95377,0
85360,0
28667,0
73177,0
20543,0
2979,0
72399,0
65439,0
86538,0
22876,0
18495,0
91032,0
47317,0
62112,0
74539,0
97221,0
80389,0
72854,0
63791,0
34354,0
51499,0
7068,0
43096,0
41533,0
34496,0
89343,0
34270,0
97260,0
4281,0
33226,0
47497,0
5924,0
89156,0
93752,0
92353,0
10201,0
54175,0
7521,0
31533,0
90887,0
56114,0
7196,0
60239,0
68948,0
36141,0
68687,0
39971,0
79557,0
30006,0
74532,0
57740,0
69942,0
37840,0
56341,0
32051,0
15991,0
193,0
95204,0
31540,0
77034,0
46933,0
16533,0
95003,0
23355,0
81337,0
5574,0
12691,0
11266,0
17934,0
22178,0
18303,0
6689,0
75785,0
1983,0
34026,0
83083,0
26747,0
53955,0
82681,0
14008,0
30371,0
10929,0
23746,0
66665,0
49233,0
29572,0
58175,0
77467,0
32965,0
63122,0
19748,0
19104,0
23292,0
15614,0
61134,0
42456,0
73453,0
79991,0
42271,0
95117,0
67419,0
61893,0
3733,0
62108,0
43110,0
53500,0
10053,0
43450,0
97461,0
62724,0
62645,0
32094,0
44504,0
33119,0
87545,0
16834,0
62301,0
18454,0
44488,0
46678,0
95258,0
77406,0
84265,0
8403,0
58647,0
12347,0
3696,0
18413,0
35890,0
45733,0
26062,0
10764,0
47302,0
85007,0
86033,0
1512,0
80368,0
96567,0
64949,0
64088,0
20389,0
26268,0
28718,0
22128,0
38603,0
47270,0
33826,0
9538,0
60584,0
59889,0
48540,0
44034,0
41398,0
87707,0
65768,0
75083,0
66175,0
7006,0
93519,0
62880,0
84220,0
24285,0
50258,0
54082,0
97788,0
31601,0
26643,0
94544,0
81722,0
6460,0
54046,0
28321,0
32780,0
56153,0
62527,0
62087,0
41689,0
62982,0
34235,0
6476,0
7422,0
66225,0
31881,0
17180,0
45452,0
84796,0
37102,0
71310,0
72934,0
28012,0
49312,0
82737,0
37151,0
44511,0
55587,0
45512,0
51730,0
30477,0
58545,0
95926,0
7397,0
32762,0
68856,0
46932,0
14632,0
55065,0
45292,0
18014,0
31039,0
32868,0
83781,0
29123,0
800,0
38288,0
12760,0
67633,0
63349,0
49476,0
7942,0
30567,0
58799,0
22236,0
40888,0
18369,0
2142,0
6255,0
84993,0
69667,0
88061,0
37148,0
48235,0
30524,0
45911,0
12193,0
84213,0
65543,0
44071,0
22450,0
4669,0
79639,0
19907,0
98577,0
21311,0
61963,0
38882,0
76647,0
34450,0
19320,0
25006,0
76403,0
66260,0
48897,0
98242,0
39798,0
22385,0
77799,0
70659,0
70475,0
76905,0
39311,0
4436,0
88148,0
79113,0
85612,0
14002,0
32588,0
9236,0
87397,0
47886,0
35814,0
32578,0
56210,0
7721,0
63700,0
42813,0
86616,0
72050,0
48034,0
3384,0
51615,0
53737,0
72459,0
45304,0
30981,0
32164,0
38397,0
94750,0
69499,0
91178,0
1778,0
83249,0
90420,0
21302,0
6001,0
86974,0
57729,0
83670,0
96193,0
96922,0
30674,0
43075,0
42540,0
12769,0
61266,0
3073,0
57308,0
93218,0
32594,0
65618,0
63041,0
83709,0
22713,0
13952,0
98299,0
36353,0
35728,0
54472,0
83700,0
40585,0
87185,0
66887,0
60979,0
65598,0
55689,0
27127,0
58439,0
66376,0
65006,0
87502,0
87439,0
66359,0
10332,0
85357,0
23438,0
73118,0
30653,0
65430,0
37949,0
84963,0
60796,0
82815,0
16683,0
4330,0
23229,0
8028,0
14421,0
49104,0
50448,0
2235,0
25449,0
53699,0
94827,0
67938,0
39018,0
14696,0
78857,0
48647,0
63549,0
42071,0
63469,0
31399,0
31478,0
98576,0
29349,0
73914,0
81632,0
25074,0
14934,0
5308,0
10907,0
87211,0
74917,0
3518,0
46026,0
34740,0
65704,0
48165,0
10750,0
22337,0
26012,0
32119,0
65885,0
57802,0
43071,0
33567,0
41963,0
80047,0
82580,0
86063,0
54906,0
60619,0
16705,0
34641,0
7496,0
90552,0
56545,0
40809,0
75842,0
30468,0
81128,0
58284,0
28845,0
72011,0
3810,0
8782,0
34950,0
78274,0
51085,0
53992,0
2111,0
57144,0
92670,0
23439,0
73968,0
32386,0
63279,0
12174,0
49742,0
33546,0
41026,0
37124,0
62895,0
37376,0
35979,0
28653,0
92155,0
66476,0
72572,0
57434,0
45321,0
61549,0
41739,0
37857,0
54326,0
30464,0
3077,0
39742,0
37316,0
12984,0
81792,0
49806,0
18131,0
39945,0
38610,0
33580,0
76060,0
74319,0
68223,0
5640,0
92449,0
80953,0
21702,0
33658,0
90238,0
7853,0
13008,0
87951,0
44896,0
25840,0
67359,0
54368,0
2356,0
86112,0
88082,0
39236,0
19274,0
68824,0
71870,0
88355,0
31952,0
69600,0
81817,0
64163,0
42726,0
25636,0
5974,0
89570,0
52993,0
8934,0
42112,0
45933,0
78520,0
65044,0
19024,0
15949,0
6682,0
52119,0
78708,0
4532,0
74676,0
54411,0
37694,0
8766,0
97965,0
59909,0
14457,0
34210,0
30267,0
2432,0
28700,0
19932,0
48790,0
97792,0
52115,0
51102,0
60990,0
45426,0
1811,0
22743,0
50144,0
96001,0
49590,0
24366,0
56122,0
49523,0
53150,0
88679,0
32371,0
57091,0
40262,0
44266,0
11072,0
35340,0
48253,0
90428,0
38842,0
94967,0
56593,0
17638,0
91367,0
44438,0
83144,0
20903,0
2883,0
97419,0
71746,0
65548,0
25811,0
80432,0
21808,0
47498,0
20209,0
60614,0
30960,0
42500,0
80461,0
44003,0
85292,0
7111,0
8814,0
76013,0
30432,0
87787,0
76389,0
11802,0
52851,0
26488,0
70176,0
93746,0
31137,0
84143,0
7480,0
51550,0
77229,0
850,0
51230,0
7030,0
26540,0
92987,0
11189,0
87140,0
95872,0
45342,0
38712,0
90844,0
73093,0
83826,0
49128,0
34750,0
12305,0
74957,0
3649,0
96877,0
15671,0
95709,0
46832,0
26018,0
27666,0
72308,0
57641,0
8927,0
19685,0
53468,0
67365,0
11170,0
49962,0
84548,0
97012,0
48565,0
14566,0
67031,0
88810,0
32772,0
75040,0
45631,0
34962,0
41186,0
32368,0
64932,0
10095,0
602,0
90328,0
22105,0
84551,0
75824,0
26601,0
44176,0
10515,0
85060,0
4979,0
23964,0
76375,0
92801,0
39733,0
30659,0
83816,0
44241,0
14284,0
48450,0
1589,0
54836,0
57153,0
48812,0
13957,0
11861,0
2150,0
53094,0
15784,0
54599,0
96607,0
36020,0
19559,0
57751,0
24547,0
11075,0
55974,0
60298,0
12739,0
51412,0
37450,0
67063,0
11113,0
4195,0
56654,0
76292,0
68111,0
36166,0
67536,0
78544,0
62143,0
26830,0
18325,0
39813,0
25163,0
11728,0
76927,0
33812,0
57116,0
46337,0
49139,0
36146,0
79051,0
71877,0
42506,0
97828,0
41061,0
72039,0
37274,0
88669,0
8580,0
22920,0
51132,0
65675,0
26489,0
56328,0
98139,0
45242,0
17538,0
37421,0
78069,0
90278,0
75605,0
80282,0
88921,0
54561,0
78555,0
66594,0
29588,0
48291,0
7113,0
46629,0
3092,0
28770,0
21643,0
99258,0
17201,0
94808,0
63037,0
18876,0
48504,0
939,0
65107,0
33683,0
95923,0
36721,0
53741,0
71485,0
49561,0
1239,0
15011,0
76887,0
36997,0
47536,0
22474,0
68921,0
24578,0
74328,0
44123,0
58631,0
64996,0
65376,0
81806,0
73325,0
23509,0
90089,0
43830,0
47436,0
3175,0
43953,0
83391,0
6748,0
14235,0
86539,0
31054,0
47007,0
91957,0
50818,0
91138,0
8440,0
46454,0
6261,0
75594,0
36051,0
82563,0
4127,0
27454,0
42053,0
47948,0
8669,0
25086,0
34141,0
75872,0
69534,0
89577,0
34368,0
53804,0
93424,0
23027,0
54988,0
14190,0
24199,0
32156,0
17601,0
55737,0
73446,0
57526,0
16447,0
16271,0
10553,0
58421,0
59453,0
28202,0
26220,0
16049,0
48397,0
10752,0
22971,0
53919,0
62299,0
67772,0
35255,0
81441,0
33824,0
1516,0
57115,0
83119,0
58127,0
40705,0
57491,0
11427,0
95134,0
28345,0
95814,0
30800,0
80941,0
44947,0
41785,0
25596,0
71910,0
58709,0
28228,0
15957,0
4801,0
78873,0
91083,0
57992,0
14439,0
40305,0
18361,0
16865,0
83385,0
38922,0
52678,0
94584,0
78741,0
27801,0
35299,0
40970,0
21409,0
17231,0
29457,0
92225,0
2792,0
74724,0
37409,0
81815,0
84082,0
64238,0
35068,0
73052,0
9103,0
68737,0
98364,0
15006,0
80049,0
21224,0
17906,0
72084,0
96714,0
52368,0
92159,0
29342,0
41696,0
1015,0
18917,0
962,0
45974,0
90825,0
74229,0
30441,0
27038,0
69395,0
70657,0
98832,0
60209,0
99248,0
48265,0
57377,0
84643,0
76432,0
23999,0
77199,0
22992,0
78848,0
56554,0
79796,0
26988,0
8545,0
90395,0
73880,0
33403,0
49461,0
83538,0
92660,0
62279,0
80947,0
59840,0
2597,0
15951,0
16036,0
72937,0
83557,0
54101,0
20925,0
59847,0
11462,0
10960,0
28425,0
71566,0
73145,0
98851,0
59751,0
44531,0
80255,0
42569,0
33269,0
58865,0
18883,0
11635,0
87142,0
83313,0
97444,0
20077,0
78218,0
20943,0
76419,0
70980,0
69995,0
84499,0
4647,0
13591,0
24173,0
53975,0
4304,0
96123,0
66030,0
75433,0
91210,0
35948,0
86293,0
57555,0
10541,0
12131,0
20853,0
16020,0
96195,0
42239,0
25598,0
60641,0
45195,0
29236,0
86617,0
43129,0
47365,0
33694,0
7931,0
36670,0
23936,0
667,0
43174,0
66806,0
14550,0
8799,0
18925,0
91285,0
96890,0
59871,0
39668,0
16051,0
5919,0
48282,0
93264,0
60377,0
775,0
58590,0
71193,0
22024,0
62781,0
8979,0
98336,0
8143,0
59458,0
70328,0
71308,0
40212,0
9714,0
18050,0
11320,0
76126,0
69437,0
91947,0
30208,0
99445,0
23100,0
13897,0
19406,0
36615,0
18597,0
15502,0
50243,0
11941,0
32689,0
30895,0
30888,0
98538,0
92205,0
64350,0
75615,0
65924,0
7769,0
13413,0
37529,0
93263,0
20067,0
8334,0
41486,0
13583,0
85824,0
37026,0
52622,0
84973,0
57477,0
41337,0
10165,0
73985,0
36852,0
51188,0
75809,0
21304,0
24705,0
32402,0
69018,0
52541,0
53654,0
51302,0
74552,0
13527,0
83127,0
83147,0
85637,0
86012,0
58375,0
27410,0
10491,0
80732,0
22375,0
80642,0
74462,0
81583,0
77602,0
73173,0
20746,0
56280,0
26667,0
21179,0
12101,0
75923,0
30442,0
64643,0
57654,0
19981,0
82149,0
33558,0
71069,0
16671,0
68652,0
26224,0
10154,0
33260,0
54182,0
66675,0
68777,0
55557,0
95102,0
61885,0
23987,0
78830,0
75489,0
85895,0
67200,0
34466,0
36334,0
58468,0
43099,0
9309,0
25200,0
61780,0
77018,0
67113,0
8136,0
90237,0
74453,0
78970,0
47875,0
57105,0
97753,0
27218,0
70909,0
4396,0
57103,0
13369,0
16127,0
85510,0
78793,0
73342,0
41651,0
60578,0
60178,0
89005,0
38284,0
49610,0
29415,0
2531,0
1368,0
29819,0
2114,0
57394,0
83972,0
28936,0
81882,0
11197,0
68395,0
66180,0
13214,0
53174,0
67792,0
7684,0
66682,0
89751,0
68983,0
5630,0
78622,0
83012,0
30315,0
30107,0
92277,0
58199,0
31890,0
33848,0
74509,0
14803,0
90343,0
57352,0
51488,0
17676,0
72314,0
10231,0
89658,0
89317,0
40643,0
43690,0
34142,0
61641,0
65147,0
25927,0
46468,0
13134,0
95910,0
46767,0
44737,0
89165,0
31200,0
8971,0
50826,0
96840,0
82130,0
8677,0
99984,0
66171,0
78832,0
90562,0
52903,0
99323,0
60558,0
74406,0
72145,0
44269,0
18085,0
23851,0
12667,0
20336,0
23819,0
80899,0
22202,0
16796,0
44542,0
8160,0
31681,0
69493,0
69472,0
51461,0
27530,0
94147,0
66757,0
44210,0
83477,0
24447,0
48660,0
65713,0
9922,0
84222,0
80724,0
45337,0
1242,0
64313,0
82413,0
11991,0
79127,0
3050,0
91239,0
23157,0
74839,0
27872,0
73656,0
12282,0
18960,0
48097,0
23552,0
34863,0
95516,0
42523,0
83716,0
97619,0
59427,0
26908,0
63596,0
25937,0
49793,0
31333,0
14983,0
28375,0
30586,0
68750,0
69240,0
42983,0
39146,0
83851,0
33990,0
55436,0
97823,0
52516,0
61096,0
15862,0
34456,0
88775,0
38784,0
87598,0
53045,0
99003,0
74162,0
22896,0
28268,0
68885,0
45421,0
85572,0
44950,0
44769,0
5233,0
65349,0
8456,0
57391,0
45944,0
82403,0
6609,0
62493,0
20718,0
95962,0
82226,0
82443,0
67056,0
90464,0
90893,0
22255,0
109,0
23916,0
90077,0
6648,0
4266,0
89025,0
24422,0
89423,0
67215,0
24090,0
30571,0
51658,0
73164,0
52098,0
48591,0
47371,0
3212,0
9168,0
70217,0
13204,0
53331,0
15263,0
8436,0
82702,0
37472,0
17254,0
47932,0
41237,0
84063,0
97264,0
19396,0
16288,0
38508,0
69584,0
53837,0
8322,0
20354,0
82456,0
15907,0
49167,0
17696,0
86732,0
95617,0
95552,0
62744,0
84316,0
2598,0
30466,0
14658,0
55288,0
41021,0
13866,0
95759,0
68228,0
80466,0
79933,0
9956,0
53773,0
5980,0
36810,0
44316,0
9789,0
13650,0
13315,0
97393,0
47291,0
27837,0
28432,0
86406,0
56030,0
35954,0
61649,0
37886,0
1656,0
93109,0
9345,0
49170,0
73424,0
25819,0
46650,0
48303,0
33068,0
73652,0
36107,0
92199,0
10002,0
15179,0
29009,0
49247,0
8461,0
48532,0
95285,0
77536,0
43964,0
79598,0
70031,0
79477,0
30891,0
77647,0
76436,0
99376,0
92866,0
58902,0
26215,0
79591,0
25212,0
91845,0
59745,0
61272,0
29764,0
65867,0
78597,0
96709,0
79722,0
4912,0
34248,0
78199,0
3599,0
74164,0
64774,0
86096,0
88199,0
45085,0
68767,0
87336,0
91721,0
52608,0
91263,0
41440,0
59405,0
26173,0
38659,0
65716,0
11134,0
36293,0
55094,0
18654,0
85811,0
81255,0
79293,0
43589,0
62776,0
325,0
23326,0
51812,0
45990,0
78484,0
16344,0
38417,0
78451,0
99369,0
37327,0
20780,0
40686,0
51521,0
29589,0
67179,0
60079,0
24324,0
30687,0
25923,0
24715,0
17585,0
45607,0
75039,0
78086,0
38035,0
57456,0
44377,0
5075,0
88091,0
23827,0
18573,0
82353,0
23592,0
40786,0
84457,0
71181,0
93776,0
51045,0
75955,0
95095,0
15715,0
32993,0
49273,0
28017,0
62889,0
64132,0
59685,0
27106,0
38213,0
18875,0
47899,0
73538,0
80873,0
34972,0
66208,0
4530,0
16363,0
63408,0
43130,0
93228,0
54458,0
24473,0
47538,0
23994,0
41433,0
13961,0
79858,0
56538,0
94979,0
86255,0
20975,0
81702,0
79792,0
94505,0
20193,0
52531,0
4074,0
34508,0
34502,0
3727,0
79555,0
79871,0
45766,0
7297,0
69498,0
50660,0
42246,0
14090,0
85609,0
64259,0
41374,0
60190,0
98799,0
87025,0
7239,0
39537,0
10386,0
76169,0
75290,0
31680,0
56318,0
93462,0
42755,0
41172,0
40384,0
14809,0
28279,0
52247,0
18195,0
75796,0
96084,0
44808,0
98907,0
52872,0
81418,0
52637,0
70866,0
11615,0
47124,0
96026,0
28680,0
60428,0
66297,0
50055,0
18911,0
17447,0
28324,0
40962,0
16787,0
92233,0
40839,0
51311,0
62655,0
87813,0
43597,0
61749,0
26033,0
83650,0
96433,0
6080,0
26093,0
72920,0
29537,0
72172,0
57588,0
72288,0
87086,0
75266,0
20011,0
24216,0
76504,0
5121,0
37966,0
3788,0
88353,0
92467,0
85318,0
91445,0
36322,0
27032,0
59253,0
21576,0
35926,0
40196,0
75910,0
15349,0
6790,0
54593,0
20461,0
79859,0
47176,0
74673,0
48477,0
57885,0
37522,0
45991,0
60761,0
29472,0
89379,0
85758,0
65379,0
63717,0
69376,0
38001,0
89327,0
72073,0
59254,0
99854,0
19553,0
87102,0
86736,0
72,0
43681,0
66526,0
20702,0
96899,0
85346,0
14825,0
37896,0
3125,0
29982,0
48419,0
76253,0
87036,0
26199,0
89189,0
46018,0
44157,0
55570,0
94436,0
34919,0
59442,0
25165,0
36430,0
47701,0
30106,0
7200,0
72921,0
99032,0
77636,0
32152,0
92319,0
41461,0
62532,0
54616,0
57668,0
17064,0
65046,0
19578,0
77400,0
68651,0
69116,0
13807,0
24487,0
30961,0
18204,0
51451,0
25343,0
17738,0
55691,0
63899,0
66174,0
42179,0
73285,0
68888,0
24198,0
12672,0
90996,0
27691,0
59545,0
43754,0
10008,0
53587,0
41666,0
36156,0
41577,0
71575,0
10072,0
89617,0
10469,0
53299,0
55725,0
16687,0
86282,0
27223,0
85668,0
79468,0
32487,0
82432,0
9418,0
58111,0
316,0
10492,0
87946,0
70643,0
33016,0
9824,0
85602,0
90881,0
76188,0
37315,0
32362,0
6673,0
60349,0
59550,0
76366,0
61254,0
29710,0
96281,0
3444,0
3107,0
54758,0
59520,0
30677,0
10130,0
67256,0
38112,0
47795,0
80744,0
75676,0
23933,0
29727,0
51362,0
23544,0
41769,0
1620,0
35613,0
14788,0
90694,0
23973,0
2681,0
3148,0
19090,0
58727,0
56810,0
5204,0
20981,0
89985,0
10994,0
89779,0
39520,0
90543,0
17886,0
17874,0
11932,0
5713,0
67276,0
44615,0
78994,0
38773,0
3304,0
17595,0
471,0
80190,0
28400,0
83651,0
417,0
54891,0
80230,0
87045,0
60403,0
93542,0
81078,0
78644,0
28132,0
63022,0
28877,0
84754,0
54700,0
93987,0
69226,0
94159,0
77489,0
35477,0
73607,0
816,0
3755,0
19217,0
66431,0
96389,0
85561,0
15979,0
71584,0
2846,0
94249,0
91980,0
60895,0
32770,0
61037,0
21813,0
53954,0
9679,0
86618,0
53612,0
24790,0
72690,0
842,0
73220,0
19359,0
58233,0
25533,0
4007,0
37076,0
70054,0
81378,0
37712,0
56981,0
42948,0
41852,0
82666,0
2234,0
89062,0
85262,0
62078,0
61860,0
82703,0
63285,0
18190,0
11385,0
58617,0
87628,0
65318,0
86272,0
19999,0
41969,0
63106,0
84688,0
51298,0
54048,0
83499,0
45346,0
77439,0
98018,0
6597,0
25883,0
74707,0
58581,0
64254,0
23895,0
45449,0
3215,0
33606,0
37399,0
87880,0
99393,0
46985,0
23802,0
93032,0
57064,0
7262,0
45146,0
68165,0
68648,0
22877,0
1354,0
16767,0
55333,0
54864,0
20767,0
2581,0
52969,0
26844,0
46962,0
60790,0
67968,0
61992,0
54683,0
90141,0
4638,0
69747,0
292,0
36387,0
74770,0
97245,0
85708,0
40916,0
42477,0
57845,0
70451,0
50574,0
78907,0
25476,0
21862,0
81420,0
70677,0
15897,0
80822,0
14747,0
494,0
51469,0
24505,0
65871,0
39637,0
22055,0
16299,0
51196,0
51606,0
45642,0
51698,0
98703,0
33556,0
86442,0
30972,0
5453,0
87005,0
13749,0
48151,0
57701,0
99703,0
54743,0
24043,0
15955,0
8968,0
10230,0
16006,0
82835,0
9669,0
5530,0
96898,0
52100,0
1809,0
7106,0
75498,0
53455,0
26806,0
3919,0
56292,0
20117,0
9715,0
95613,0
56436,0
27911,0
70607,0
17618,0
78551,0
42165,0
52655,0
69246,0
10987,0
81642,0
18687,0
47385,0
48547,0
51640,0
61890,0
54453,0
29220,0
6657,0
68633,0
53531,0
45299,0
76587,0
29377,0
63567,0
69936,0
91733,0
566,0
40502,0
60369,0
82161,0
67949,0
56111,0
40703,0
31793,0
17974,0
98036,0
61054,0
50902,0
15131,0
90369,0
82092,0
12812,0
56086,0
57946,0
21797,0
68877,0
19817,0
47488,0
63016,0
67561,0
79341,0
58063,0
11293,0
31756,0
55719,0
52302,0
24106,0
8339,0
63983,0
3406,0
26786,0
38266,0
29592,0
96024,0
46112,0
677,0
35214,0
31592,0
62661,0
81159,0
42668,0
3146,0
96054,0
67205,0
6162,0
45088,0
1220,0
66422,0
53595,0
14424,0
79150,0
72808,0
91091,0
68736,0
43032,0
21362,0
8359,0
5764,0
35565,0
15013,0
14264,0
58306,0
65321,0
91089,0
29599,0
43092,0
85187,0
83459,0
9435,0
23234,0
46153,0
77881,0
81026,0
21970,0
36657,0
27865,0
67243,0
74662,0
93077,0
60327,0
38228,0
57978,0
34893,0
69872,0
70019,0
80486,0
13874,0
82643,0
43507,0
839,0
91526,0
70602,0
36013,0
77893,0
51947,0
94669,0
61934,0
61316,0
32737,0
81115,0
89080,0
98497,0
27021,0
18807,0
23571,0
6591,0
62551,0
89074,0
25802,0
82601,0
81848,0
21303,0
6985,0
99453,0
33478,0
74218,0
45444,0
7505,0
72711,0
13830,0
82324,0
83684,0
96958,0
9268,0
56161,0
98213,0
53669,0
80380,0
51953,0
817,0
52372,0
8865,0
39690,0
49224,0
36027,0
5177,0
45153,0
30593,0
3129,0
25841,0
66127,0
80169,0
25940,0
90585,0
48846,0
30993,0
49266,0
6172,0
68315,0
31805,0
57320,0
19648,0
96678,0
68739,0
65165,0
34261,0
72141,0
5094,0
55861,0
31238,0
4080,0
4885,0
5859,0
75263,0
29050,0
84936,0
23271,0
16003,0
21924,0
50583,0
45132,0
28311,0
79932,0
63593,0
95750,0
75250,0
47179,0
58498,0
47987,0
98552,0
98984,0
98394,0
85502,0
52121,0
71411,0
51417,0
18858,0
80262,0
57161,0
97318,0
48819,0
21973,0
49008,0
34921,0
27637,0
56390,0
70857,0
79042,0
43709,0
29786,0
6757,0
88763,0
71779,0
50089,0
90690,0
20953,0
40567,0
71233,0
25846,0
99275,0
34332,0
99181,0
17432,0
32250,0
91117,0
1696,0
58008,0
64333,0
11106,0
81233,0
38518,0
5704,0
75934,0
6488,0
96541,0
65701,0
3918,0
65751,0
46312,0
77512,0
62171,0
32467,0
84738,0
87939,0
61287,0
81237,0
21848,0
53128,0
71937,0
56658,0
12449,0
96429,0
86819,0
25988,0
1549,0
79993,0
40756,0
38108,0
98830,0
44794,0
56531,0
96740,0
71574,0
2815,0
57680,0
49365,0
8723,0
77731,0
52912,0
19038,0
55934,0
31218,0
65981,0
53857,0
63602,0
80496,0
92754,0
35388,0
40418,0
85378,0
12970,0
31769,0
23832,0
39781,0
34930,0
66404,0
32602,0
6896,0
98360,0
60001,0
16660,0
86049,0
13465,0
52263,0
82779,0
68788,0
35670,0
71804,0
89687,0
5885,0
76572,0
10064,0
50561,0
60464,0
98889,0
17911,0
56857,0
72139,0
7396,0
63036,0
38248,0
37258,0
54866,0
29822,0
91854,0
40594,0
75629,0
82701,0
34404,0
30366,0
49210,0
8693,0
73850,0
69177,0
95062,0
24849,0
10079,0
95821,0
45255,0
65829,0
69867,0
2115,0
28761,0
13774,0
25155,0
48600,0
35039,0
39485,0
68728,0
79280,0
42130,0
20254,0
18250,0
76272,0
75637,0
96618,0
65119,0
61832,0
62014,0
41714,0
55681,0
75351,0
79319,0
73862,0
87777,0
45977,0
98872,0
40199,0
54373,0
13265,0
71525,0
41092,0
87202,0
91110,0
17488,0
91339,0
20881,0
96299,0
91438,0
20989,0
14999,0
85940,0
61241,0
73603,0
47892,0
80708,0
57548,0
25118,0
13551,0
87108,0
70887,0
47505,0
56220,0
56700,0
74985,0
91035,0
93691,0
18203,0
5125,0
179,0
36672,0
4065,0
44826,0
44337,0
62772,0
28602,0
34782,0
44346,0
5766,0
18988,0
83408,0
25178,0
53615,0
90758,0
65192,0
53652,0
46120,0
36905,0
84927,0
14458,0
12122,0
15434,0
1058,0
90951,0
26279,0
12792,0
7797,0
22197,0
97101,0
86118,0
84156,0
62511,0
95817,0
25197,0
79389,0
95990,0
93169,0
98868,0
36035,0
78063,0
44829,0
30508,0
24939,0
68731,0
44174,0
86980,0
59863,0
70024,0
90429,0
13310,0
9877,0
63085,0
41595,0
99736,0
53155,0
40963,0
57447,0
70926,0
49035,0
38264,0
98918,0
46851,0
29387,0
16472,0
81325,0
81112,0
8183,0
30942,0
17214,0
40641,0
37338,0
891,0
54051,0
60113,0
60034,0
48341,0
97853,0
73654,0
2086,0
27073,0
55371,0
78831,0
52444,0
87703,0
12893,0
517,0
32234,0
54850,0
52690,0
72855,0
37718,0
63938,0
87569,0
35719,0
47160,0
85064,0
75095,0
82677,0
17976,0
35795,0
72283,0
3915,0
27991,0
24001,0
56770,0
31193,0
99993,0
21739,0
36787,0
46718,0
28193,0
43173,0
20681,0
16494,0
10081,0
15602,0
81672,0
44654,0
70994,0
62433,0
57004,0
62040,0
11769,0
48446,0
47744,0
14590,0
52078,0
92555,0
12332,0
23596,0
25925,0
14621,0
65068,0
83644,0
43262,0
42749,0
94352,0
79216,0
40438,0
47806,0
79249,0
43371,0
73330,0
65010,0
30043,0
50189,0
37659,0
60165,0
63854,0
78058,0
15769,0
2781,0
43530,0
63894,0
20749,0
40947,0
28880,0
30054,0
35776,0
41040,0
4392,0
90723,0
34852,0
30685,0
78849,0
2388,0
32300,0
61079,0
52051,0
38223,0
79880,0
50186,0
63560,0
63027,0
50230,0
37688,0
94492,0
47244,0
92348,0
98429,0
99523,0
79056,0
64771,0
85638,0
12963,0
61217,0
71260,0
77940,0
86244,0
64712,0
64918,0
90090,0
4720,0
95939,0
66566,0
49183,0
12268,0
82846,0
67822,0
71841,0
11003,0
62991,0
24936,0
56374,0
81459,0
67881,0
49623,0
36656,0
71128,0
64318,0
585,0
64380,0
42708,0
49641,0
86149,0
70099,0
60747,0
32788,0
17900,0
51714,0
67562,0
3622,0
60427,0
68173,0
64122,0
75188,0
43285,0
75534,0
70384,0
51170,0
82323,0
73020,0
36649,0
75876,0
16043,0
42199,0
76580,0
12247,0
1970,0
99934,0
4785,0
97336,0
53912,0
86341,0
6021,0
18251,0
47599,0
38959,0
98246,0
9805,0
15302,0
50439,0
32225,0
44864,0
5831,0
18330,0
45606,0
20854,0
12745,0
1364,0
62946,0
17663,0
29143,0
38497,0
52404,0
60362,0
7322,0
10458,0
17703,0
69923,0
49231,0
4614,0
81503,0
81427,0
83442,0
83040,0
47341,0
13363,0
44546,0
3131,0
34842,0
14111,0
43619,0
7507,0
19835,0
68769,0
70923,0
14471,0
55814,0
5488,0
24992,0
65734,0
11918,0
99048,0
8740,0
62611,0
97096,0
49038,0
64293,0
62013,0
27846,0
66638,0
31916,0
29613,0
7894,0
70534,0
45257,0
55589,0
72713,0
96526,0
16949,0
89235,0
9577,0
20443,0
48022,0
90444,0
77847,0
69821,0
67037,0
98131,0
12132,0
22358,0
33480,0
29839,0
28263,0
73390,0
49058,0
71354,0
75491,0
95038,0
35935,0
17523,0
69947,0
87994,0
96948,0
55219,0
75021,0
44203,0
45828,0
31577,0
55547,0
60570,0
55038,0
95280,0
31797,0
65711,0
90495,0
14837,0
24818,0
96149,0
77834,0
72186,0
55969,0
99060,0
10659,0
32712,0
31655,0
94293,0
9210,0
43298,0
60687,0
17156,0
37335,0
9227,0
79088,0
11781,0
39926,0
64686,0
847,0
78918,0
88857,0
28131,0
84964,0
28275,0
1802,0
98951,0
46116,0
61170,0
8848,0
64818,0
7192,0
52323,0
71632,0
2046,0
78462,0
7095,0
99392,0
34639,0
76974,0
48009,0
54330,0
57063,0
34300,0
90302,0
76908,0
43855,0
1213,0
23820,0
47377,0
1824,0
68879,0
8655,0
48592,0
21020,0
90560,0
43049,0
76872,0
40760,0
79551,0
53668,0
79258,0
20612,0
24633,0
77037,0
85343,0
47613,0
38068,0
87577,0
68250,0
62668,0
94062,0
80112,0
52807,0
47519,0
90184,0
84761,0
62939,0
76518,0
70429,0
85893,0
24619,0
70774,0
17574,0
45030,0
69590,0
62429,0
64223,0
89974,0
84711,0
79844,0
99096,0
68089,0
83975,0
91516,0
37259,0
51180,0
62669,0
30339,0
38702,0
58209,0
83509,0
21226,0
63284,0
41768,0
44285,0
58620,0
85068,0
11345,0
72438,0
4163,0
86810,0
67684,0
52675,0
52866,0
9189,0
45945,0
6273,0
92559,0
9964,0
60380,0
87838,0
56922,0
53116,0
60723,0
62165,0
46402,0
91466,0
53637,0
45167,0
72475,0
97688,0
28920,0
43454,0
7847,0
92077,0
92737,0
63324,0
17426,0
65394,0
67275,0
46267,0
70917,0
86434,0
89970,0
19013,0
48658,0
64134,0
17391,0
346,0
39244,0
28712,0
98825,0
50459,0
87924,0
67776,0
46049,0
8753,0
93733,0
8553,0
7886,0
41841,0
86876,0
32921,0
81143,0
34822,0
36835,0
60509,0
10796,0
79163,0
14070,0
21054,0
6055,0
61867,0
21783,0
836,0
94068,0
38615,0
30845,0
15038,0
6099,0
13053,0
57879,0
24468,0
65696,0
38608,0
46424,0
95242,0
54461,0
21503,0
79459,0
54086,0
96676,0
88497,0
74325,0
20198,0
76586,0
3004,0
22615,0
57075,0
87566,0
39791,0
48859,0
79315,0
29923,0
83641,0
87631,0
96326,0
15827,0
44208,0
12562,0
91358,0
28616,0
15261,0
72117,0
76850,0
48989,0
8964,0
81985,0
38572,0
39870,0
5798,0
49294,0
6836,0
61112,0
61459,0
46897,0
74005,0
54527,0
53283,0
44207,0
24960,0
84129,0
43703,0
86022,0
63680,0
362,0
67645,0
34608,0
71718,0
12742,0
37606,0
19795,0
89099,0
50102,0
87941,0
89678,0
79430,0
46239,0
62764,0
67720,0
83869,0
27514,0
93027,0
34352,0
82471,0
48140,0
75156,0
27672,0
76065,0
43105,0
38140,0
72353,0
61662,0
51571,0
52140,0
92674,0
42621,0
81174,0
1398,0
71864,0
621,0
90076,0
68716,0
6287,0
5,0
63304,0
45364,0
45763,0
10269,0
448,0
24792,0
58504,0
20173,0
55952,0
97682,0
88120,0
62958,0
13577,0
71922,0
52747,0
50618,0
65952,0
56042,0
8141,0
70810,0
33542,0
53125,0
28855,0
77583,0
41052,0
82000,0
41013,0
26272,0
24389,0
35945,0
67336,0
18557,0
1580,0
21567,0
92527,0
36718,0
64478,0
61542,0
44512,0
14230,0
68533,0
1833,0
40699,0
66564,0
2977,0
65457,0
73523,0
60697,0
57520,0
29830,0
85316,0
84038,0
38341,0
84502,0
25654,0
52049,0
41596,0
26690,0
6205,0
75147,0
95154,0
85594,0
50035,0
39348,0
29848,0
76325,0
40079,0
4100,0
80748,0
12591,0
33041,0
10412,0
19729,0
83046,0
75088,0
75887,0
93838,0
47957,0
85791,0
5991,0
52193,0
16231,0
3165,0
98275,0
37983,0
73057,0
50238,0
50854,0
82908,0
85455,0
25020,0
68238,0
16194,0
32537,0
92335,0
70288,0
41042,0
22424,0
72890,0
71735,0
65176,0
93488,0
99618,0
27856,0
24812,0
1273,0
26732,0
33514,0
84920,0
75037,0
33257,0
94276,0
23623,0
54195,0
78085,0
43346,0
71762,0
98597,0
25989,0
60556,0
94817,0
76734,0
901,0
4123,0
53496,0
86531,0
14238,0
95584,0
91405,0
27035,0
95866,0
40094,0
41377,0
61380,0
88,0
8271,0
71362,0
21575,0
1505,0
45372,0
16801,0
67537,0
42978,0
45168,0
42903,0
20081,0
15877,0
4512,0
59299,0
36643,0
76394,0
84314,0
39326,0
83014,0
28960,0
58912,0
2270,0
2946,0
32673,0
37022,0
26409,0
43453,0
31019,0
75381,0
72662,0
76545,0
99301,0
37664,0
45753,0
15490,0
95486,0
64880,0
46980,0
15743,0
96773,0
91649,0
43973,0
9984,0
21715,0
41986,0
27036,0
93422,0
39916,0
12939,0
29384,0
43055,0
19984,0
45929,0
58093,0
79742,0
92486,0
47178,0
23703,0
62786,0
50736,0
74456,0
93399,0
71204,0
3112,0
16776,0
71638,0
22204,0
422,0
17780,0
3685,0
10953,0
74166,0
85460,0
89434,0
99896,0
34548,0
56675,0
33101,0
48031,0
14218,0
53889,0
50556,0
37924,0
23021,0
68305,0
91723,0
12060,0
70962,0
81469,0
98260,0
35195,0
63395,0
13488,0
80763,0
41758,0
94667,0
9255,0
75606,0
86816,0
29638,0
65814,0
11951,0
44175,0
52383,0
54548,0
42499,0
90145,0
40265,0
93529,0
86553,0
36080,0
90120,0
7067,0
62403,0
56540,0
5915,0
12799,0
56219,0
16082,0
92140,0
27172,0
77727,0
44949,0
61376,0
46553,0
44659,0
66214,0
62192,0
6880,0
7150,0
47991,0
24051,0
72633,0
68935,0
24039,0
82889,0
63244,0
53807,0
2921,0
88653,0
74729,0
72467,0
94836,0
70014,0
83133,0
7090,0
36716,0
38557,0
93210,0
89898,0
90142,0
39000,0
43905,0
53794,0
48126,0
65244,0
83561,0
33234,0
55411,0
41936,0
26941,0
91409,0
53327,0
32838,0
980,0
61509,0
25807,0
64373,0
36897,0
48929,0
17066,0
13989,0
32851,0
96216,0
53988,0
38065,0
83063,0
216,0
95871,0
95375,0
74111,0
48598,0
90159,0
62791,0
99977,0
86905,0
63103,0
63185,0
72313,0
5757,0
14728,0
5285,0
87583,0
80588,0
5785,0
57888,0
54747,0
87720,0
7816,0
61004,0
35738,0
78993,0
75305,0
82237,0
76221,0
9828,0
19831,0
62913,0
57324,0
20282,0
34813,0
35995,0
52147,0
27762,0
63292,0
5672,0
58957,0
32401,0
62304,0
15777,0
28468,0
10794,0
50881,0
30824,0
20533,0
48063,0
7260,0
56027,0
66909,0
82809,0
5538,0
92577,0
97133,0
15803,0
54768,0
66599,0
31187,0
42378,0
90407,0
98061,0
63683,0
3711,0
75014,0
31871,0
93729,0
1476,0
10708,0
40720,0
98046,0
86359,0
87575,0
53424,0
17198,0
63580,0
72015,0
72454,0
47390,0
40939,0
49222,0
40833,0
28393,0
53412,0
25579,0
66732,0
70680,0
65731,0
83914,0
97998,0
19421,0
54602,0
93928,0
1585,0
56195,0
6697,0
99559,0
1600,0
31408,0
19176,0
69592,0
50460,0
15414,0
25469,0
37247,0
43831,0
58664,0
62196,0
94535,0
26254,0
67019,0
60139,0
42455,0
48549,0
34138,0
78440,0
31124,0
46605,0
91015,0
5797,0
29642,0
41488,0
16778,0
85946,0
59203,0
77709,0
97224,0
16859,0
11166,0
71606,0
38467,0
64675,0
16710,0
23890,0
16850,0
68658,0
14116,0
48255,0
53879,0
53650,0
33408,0
60965,0
33238,0
58599,0
21649,0
66152,0
19105,0
40238,0
56156,0
32454,0
99545,0
88087,0
14943,0
9394,0
18214,0
59511,0
15759,0
76421,0
30426,0
56785,0
52220,0
25556,0
71038,0
474,0
24015,0
78104,0
47440,0
66334,0
79876,0
9452,0
85851,0
98595,0
70415,0
45530,0
35478,0
84120,0
64787,0
5473,0
20816,0
40750,0
97080,0
4310,0
10645,0
63263,0
17059,0
85218,0
66154,0
25467,0
86495,0
7568,0
57784,0
82609,0
53226,0
30475,0
28562,0
39253,0
66734,0
5183,0
47501,0
65329,0
41588,0
46025,0
81643,0
17905,0
78025,0
28367,0
75788,0
20798,0
9678,0
90115,0
90757,0
92440,0
57441,0
59757,0
53900,0
66895,0
24042,0
50531,0
43720,0
40454,0
2461,0
52803,0
22559,0
41634,0
43571,0
14641,0
51066,0
41144,0
61246,0
47085,0
38772,0
45139,0
40762,0
9875,0
98928,0
5081,0
32930,0
22905,0
81694,0
1911,0
78407,0
20672,0
88386,0
21143,0
22427,0
171,0
48238,0
17360,0
84021,0
68075,0
23451,0
16484,0
50506,0
62576,0
19527,0
5786,0
75437,0
5143,0
32319,0
16336,0
78818,0
53456,0
5279,0
33481,0
72096,0
92714,0
36720,0
71890,0